Cruise,Station,Type,yyyy-mm-ddThh:mm:ss.sss,Longitude [degrees_east],Latitude [degrees_north],Nominal Depth [m],Niskin Bottle,Pressure [db],T [C],SAL,Sigma,TA [umol/l],TA [Reps],pH [in situ],pH reps,TA [UMOL/KG],TA DUPLICATE [UMOL/KG],"DIC(P,T,ALK,pH) [~$m~#mol/kg]:DOUBLE","pCO~_2(P,T,ALK,pH) [~$m~#Atm]:DOUBLE","Revelle Factor(P,T,ALK,pH):DOUBLE",fCO~_2 (pCO~_2) [~$m~#Atm]:DOUBLE,TCO2 in (mmol/kgSW),fCO2 in (matm),pCO2 in (matm),HCO3 in (mmol/kgSW),CO3 in (mmol/kgSW),CO2 in (mmol/kgSW),Revelle in,WCa in,WAr in,xCO2 in (dry at 1 atm) (ppm),NOX UMOL/L,PO4 UMOL/L,SiO2 UMOL/L,CHL a (ug/l)
RFI,284,B,2015,330.92468,64.74583,1000,1,1012.361,4.0441,34.9216,27.7274,,,8.0388,,2303.0083,,2140.493,341.96,13.6587,340.537,2001.4,393.2,394.5,1775.5,214.7,11.2,9.575,5.17,3.41,407,15.8,1.125,9.6,
RFI,284,B,2015,330.92468,64.74583,300,2,303.422,6.1627,35.1144,27.6256,,,8.045,8.0435,2316.2058,2315.9292,2146.672,369.289,13.3408,367.794,2008.2,388,389.2,1778.1,219.1,11,9.497,5.27,3.47,401.5,14.97,1.024,7.72,
RFI,284,B,2015,330.92468,64.74583,200,,202.165,6.3644,35.131,27.6111,,,,,,,,,,,,,,,,,,,,,,,,
RFI,284,B,2015,330.92468,64.74583,100,4,100.286,6.6202,35.129,27.574,,,8.0627,,2317.3999,,2140.334,361.465,13.052,360.01,1998.5,369.1,370.2,1761.8,226.2,10.5,9.326,5.44,3.59,382,13.37,0.942,7.5,0.07
RFI,284,B,2015,330.92468,64.74583,50,6,51.588,6.7293,35.1287,27.5584,,,8.0586,,2316.606,,2141.376,367.384,13.1104,365.908,2000.3,373.3,374.5,1765.1,224.5,10.6,9.364,5.4,3.56,386.3,13.04,0.925,7.6,0.27
RFI,284,B,2015,330.92468,64.74583,20,7,20.652,6.8186,35.1293,27.5462,,,8.0596,,2315.7954,,2140.057,367.662,13.0863,366.187,1998.9,372.1,373.3,1763.5,224.8,10.6,9.354,5.41,3.56,385.1,13.17,0.926,7.28,
RFI,284,B,2015,330.92468,64.74583,10,8,9.345,6.8223,35.1295,27.5457,,,8.0638,,2315.8311,,2138.44,364.118,13.0272,362.657,1996.4,367.6436768,368.8200684,1759.4,226.5,10.4,9.314,5.45,3.59,380.5,13.16,0.938,7.37,
RFI,284,B,2015,330.92468,64.74583,0,9,4.045,6.821,35.1294,27.5457,,,8.0608,,2317.3894,,2141.308,367.475,13.0785,366.001,1999.6,371.0701599,372.2574768,1763.6,225.5,10.5,9.344,5.42,3.57,384,13.15,0.925,7.02,
RFI,285,B,2015,328.87817,64.75066,1000,1,1013.641,4.0512,34.9167,27.7227,,,8.0451,,2307.2329,,2141.907,337.004,13.5639,335.602,2001.5,387,388.3,1773,217.6,11,9.518,5.24,3.45,400.6,16.36,1.127,9.03,
RFI,285,B,2015,328.87817,64.75066,300,4,302.106,5.8,35.0799,27.6446,,,8.0434,,2313.8533,,2147.727,370.277,13.4708,368.771,2007.3,389.5,390.7,1778.1,218.2,11.1,9.516,5.25,3.46,403.1,15.52,1.039,7.93,
RFI,285,B,2015,328.87817,64.75066,200,6,201.462,6.0629,35.1045,27.6295,,,8.0455,8.0462,2316.636,2313.8594,2149.211,373.208,13.4188,371.695,2008.4,387.6,388.8,1778.1,219.3,11,9.494,5.28,3.48,401.1,15.21,1.047,7.63,
RFI,285,B,2015,328.87817,64.75066,100,7,100.6,6.2553,35.1137,27.6106,,,8.0539,,2318.8748,,2148.069,369.904,13.2916,368.408,2005.3,378.8,380,1771.7,222.9,10.7,9.414,5.36,3.53,392,14.28,0.996,7.46,0.14
RFI,285,B,2015,328.87817,64.75066,50,8,50.045,6.4685,35.1051,27.575,,,8.0515,,2311.2825,,2141.253,373.334,13.2885,371.829,1999.9,380.1,381.3,1768,221.1,10.8,9.43,5.32,3.51,393.4,13.41,0.929,7.28,0.45
RFI,285,B,2015,328.87817,64.75066,20,9,19.227,6.627,35.1015,27.5504,,,8.0692,,2316.9841,,2138.547,358.713,13.0003,357.27,1994.3,362.3,363.5,1755.4,228.7,10.3,9.269,5.5,3.63,374.9,13.09,0.919,7.53,
RFI,285,B,2015,328.87817,64.75066,10,10,11.573,6.6276,35.102,27.5506,,,8.0403,,2306.3506,,2140.796,385.408,13.4329,383.857,2002.2,391.5,392.8,1774.8,216.3,11.1,9.535,5.2,3.43,405.2,13.03,0.921,7.23,
RFI,285,B,2015,328.87817,64.75066,0,11,5.408,6.6262,35.1018,27.5506,,,8.0483,,2310.0859,,2141.119,378.341,13.3183,376.819,2000.8,383.4,384.6,1770.2,219.8,10.9,9.461,5.29,3.48,396.7,12.96,0.913,7.11,
RFI,288,B,2015,326.03534,64.7495,1000,1,1012.276,3.0329,34.9357,27.8373,,,8.0662,8.0676,2305.7056,2307.7334,2138.43,317.728,13.5051,316.387,1987.3,364.1,365.3,1751.3,225.7,10.3,9.31,5.44,3.58,376.9,16.2,1.142,,
RFI,288,B,2015,326.03534,64.7495,300,,303.138,5.2916,35.0337,27.6704,,,,,,,,,,,,,,,,,,,,,,,,
RFI,288,B,2015,326.03534,64.7495,200,6,201.915,5.6361,35.0615,27.6494,,,8.0312,,2306.1218,,2148.087,385.253,13.7561,383.683,2007.7,401.8,403.1,1783.6,212.7,11.4,9.632,5.12,3.37,415.9,15.25,1.045,7.67,
RFI,288,B,2015,326.03534,64.7495,100,7,101.362,5.9098,35.0666,27.6181,,,8.0632,,2314.8455,,2142.878,360.199,13.2465,358.736,1996.3,368.3,369.5,1760,225.9,10.5,9.328,5.44,3.58,381.2,13.67,0.988,7.42,
RFI,288,B,2015,326.03534,64.7495,50,8,51.259,6.1759,35.0739,27.589,,,8.0906,,2320.6094,,2135.445,338.172,12.7909,336.803,1984.5,341.3,342.4,1737.2,237.6,9.7,9.081,5.72,3.77,353.3,11.89,0.885,7.14,
RFI,288,B,2015,326.03534,64.7495,20,,20.242,6.315,35.0732,27.5698,,,,,,,,,,,,,,,,,,,,,,,,
RFI,288,B,2015,326.03534,64.7495,10,,9.613,6.5292,35.0766,27.5439,,,,,,,,,,,,,,,,,,,,,,,,
RFI,288,B,2015,326.03534,64.7495,0,,3.785,6.5305,35.0771,27.544,,,,,,,,,,,,,,,,,,,,,,,,
RFI,290,B,2015,324.05682,63.7755,1000,1,1013.593,3.9544,34.9219,27.7369,,,8.0271,,2306.6809,,2149.303,352.924,13.8769,351.454,2011.6,407.1,408.5,1789.4,210.7,11.6,9.696,5.07,3.34,421.4,16.4,1.148,9.41,
RFI,290,B,2015,324.05682,63.7755,300,4,304.018,5.0332,35.0115,27.6834,,,8.0417,,2308.9443,,2149.12,370.485,13.719,368.963,2004.4,390.7,392,1776.5,216.8,11.1,9.538,5.22,3.44,404.4,15.7,1.081,8.17,
RFI,290,B,2015,324.05682,63.7755,200,6,202.459,5.384,35.0346,27.659,,,8.0497,8.0448,2310.9302,2310.3132,2146.893,367.764,13.5482,366.261,2001.2,382.2,383.5,1770.3,220.1,10.9,9.458,5.3,3.49,395.6,15.06,1.055,7.69,
RFI,290,B,2015,324.05682,63.7755,100,7,101.296,5.6826,35.0505,27.6339,,,8.0483,,2308.0632,,2144.256,373.22,13.5346,371.7,1999.4,383.2,384.4,1769.1,219.4,10.9,9.466,5.28,3.48,396.6,14.52,1.093,,0.19
RFI,290,B,2015,324.05682,63.7755,50,8,51.214,6.1627,35.0533,27.5745,,,8.0957,,2310.3567,,2123.687,332.175,12.7075,330.83,1972.2,334.9,335.9,1724.2,238.5,9.5,9.028,5.74,3.78,346.6,9.64,0.799,6.25,1.22
RFI,290,B,2015,324.05682,63.7755,20,9,20.435,6.3495,35.0538,27.5499,,,8.1192,,2312.2063,,2114.058,313.608,12.3316,312.341,1958.9,313,314,1701.6,248.4,8.9,8.828,5.98,3.94,324,10.23,0.792,7.75,
RFI,290,B,2015,324.05682,63.7755,10,10,10.27,6.7334,35.0492,27.4946,,,8.0247,,2278.229,,2119.933,396.63,13.6172,395.037,1986.2,404.2,405.5,1767.2,207.5,11.5,9.669,4.99,3.29,418.3,8.86,0.726,7.14,
RFI,290,B,2015,324.05682,63.7755,0,11,2.542,6.7357,35.0508,27.4954,,,8.1369,,2313.5557,,2104.578,300.098,11.9939,298.892,1948.6,297.5,298.4,1684,256.1,8.4,8.684,6.16,4.06,307.8,8.76,0.729,7.28,
RFI,292,B,2015,326.22333,63.754,1000,1,1011.908,3.8765,34.9066,27.7326,,,8.047,8.0492,2302.7371,2303.3586,2138.062,334.569,13.5784,333.173,1996.4,384.2,385.4,1767.7,217.8,10.9,9.496,5.25,3.46,397.6,15.86,1.102,8.62,
RFI,292,B,2015,326.22333,63.754,300,4,303.934,4.9848,35.0082,27.6864,,,8.0432,,2307.5962,,2147.555,368.789,13.7075,367.273,2002.3,388.9,390.1,1774.1,217.2,11,9.522,5.23,3.45,402.4,16.1,1.083,8.13,
RFI,292,B,2015,326.22333,63.754,200,6,203.263,5.2787,35.0354,27.6724,,,,,,,,,,,,,,,,,,,,,,,,
RFI,292,B,2015,326.22333,63.754,100,7,101.456,5.6646,35.0627,27.6458,,,8.0489,,2312.9563,,2148.736,373.4,13.5347,371.879,2003.3,383.3,384.6,1772.3,220.1,10.9,9.464,5.3,3.49,396.7,14.82,1.041,7.61,0.04
RFI,292,B,2015,326.22333,63.754,50,8,50.562,6.2001,35.043,27.5614,2368.1201,,8.1046,,2310.6411,,2119.805,324.562,12.5686,323.249,1966.9,326.4,327.5,1715.5,242.1,9.3,8.952,5.83,3.84,337.8,11.11,0.851,7.25,1.24
RFI,292,B,2015,326.22333,63.754,20,9,20.125,6.4575,35.0279,27.5151,2368.3201,,8.137,,2310.2539,,2103.362,298.929,12.0524,297.724,1945.8,297,297.9,1681.7,255.6,8.4,8.683,6.15,4.06,307.4,9.48,0.726,7.18,
RFI,292,B,2015,326.22333,63.754,10,10,10.274,6.4568,35.0163,27.5059,2367.8601,,8.1209,,2309.9294,,2110.727,312.366,12.2904,311.107,1956.1,311.3,312.3,1698.5,248.7,8.8,8.817,5.99,3.95,322.2,9.69,0.741,7.17,
RFI,292,B,2015,326.22333,63.754,0,11,2.433,6.4566,35.0166,27.5061,2369.02,,8.1224,,2310.9978,,2111.183,311.558,12.2742,310.302,1956,310.1,311.1,1697.7,249.5,8.8,8.805,6,3.96,320.9,10.14,0.758,7.26,
RFI,294,B,2015,328.48483,63.75383,1000,1,1013.041,3.9545,34.9111,27.7282,2360.3,2360.9199,8.0425,8.0422,2303.3713,2303.9163,2139.958,338.637,13.6276,337.226,1999.6,389.3,390.5,1772.4,216.2,11.1,9.54,5.21,3.43,402.8,16.14,1.118,8.87,
RFI,294,B,2015,328.48483,63.75383,300,4,303.965,5.0931,35.018,27.6816,2363.6299,,8.0436,,2306.4412,,2145.528,368.294,13.6665,366.782,2001,388.2,389.4,1772.7,217.3,11,9.516,5.23,3.45,401.7,15.73,1.088,8.07,
RFI,294,B,2015,328.48483,63.75383,200,6,202.424,5.3572,35.0422,27.6683,2363.1899,,8.0456,,2305.929,,2143.944,370.845,13.6104,369.327,1999.1,385.8,387,1770.1,218.1,11,9.492,5.25,3.46,399.3,15.45,1.067,7.83,
RFI,294,B,2015,328.48483,63.75383,100,7,101.37,5.5321,35.0433,27.6468,2367.29,,8.044,,2309.9487,,2148.857,377.624,13.6488,376.083,2003.7,388.3,389.5,1774.8,217.9,11,9.512,5.24,3.46,401.8,15.42,1.074,7.92,0.04
RFI,294,B,2015,328.48483,63.75383,50,8,50.956,6.1884,35.0552,27.5726,2369.75,,8.0662,,2312.3149,,2138.156,359.297,13.151,357.843,1992.3,364.8,366,1755.1,226.8,10.4,9.299,5.46,3.6,377.6,13.25,0.936,7.43,0.34
RFI,294,B,2015,328.48483,63.75383,20,9,20.785,6.6018,35.0529,27.5155,2366.97,,8.0839,,2309.613,,2125.561,344.006,12.7845,342.622,1979,346.3,347.4,1735.5,233.6,9.8,9.133,5.62,3.71,358.4,11.76,0.835,6.99,
RFI,294,B,2015,328.48483,63.75383,10,10,10.876,6.793,35.0532,27.4896,2368.8601,,8.0811,,2311.45,,2127.341,347.337,12.7843,345.942,1982.4,349.4,350.5,1739.8,232.7,9.9,9.16,5.6,3.69,361.6,11.87,0.83,6.89,
RFI,294,B,2015,328.48483,63.75383,0,11,3.88,6.7939,35.0539,27.4899,2366.4199,,8.0802,,2309.0747,,2125.588,348.075,12.7976,346.678,1980.8,349.9,351.1,1738.8,232.1,9.9,9.166,5.58,3.68,362.2,11.43,0.81,6.67,
RFI,296,B,2015,330.63651,63.75417,1000,1,1014.821,3.9788,34.9342,27.7441,2360.8101,,8.0402,,2303.811,,2141.015,340.643,13.6512,339.224,2001.2,391.8,393,1774.7,215.4,11.1,9.56,5.19,3.42,405.5,16.36,1.115,9.76,
RFI,296,B,2015,330.63651,63.75417,300,4,303.286,5.4476,35.0473,27.6624,2368.1499,,8.0431,,2310.8088,,2147.432,369.778,13.5756,368.267,2005,389.4,390.6,1776.3,217.6,11.1,9.521,5.24,3.45,403,15.56,1.065,7.92,
RFI,296,B,2015,330.63651,63.75417,200,6,202.163,5.6548,35.066,27.6507,2369.75,2368.49,8.0464,8.0466,2311.0879,2312.3035,2146.453,371.137,13.5176,369.625,2003.1,385.7,387,1773.2,219,10.9,9.486,5.27,3.47,399.2,15.24,1.042,7.71,
RFI,296,B,2015,330.63651,63.75417,100,7,100.707,6.2889,35.0732,27.5742,2368.8601,,8.0601,,2311.3811,,2138.283,362.853,13.1852,361.386,1995.1,371,372.2,1760.1,224.4,10.5,9.353,5.4,3.56,384,13.23,0.934,7.53,0.28
RFI,296,B,2015,330.63651,63.75417,50,8,50.798,6.3461,35.0737,27.5664,2366.47,,8.0684,,2309.062,,2132.943,356.779,13.0654,355.339,1987.9,361.9,363.1,1750.2,227.4,10.3,9.272,5.47,3.61,374.6,11.53,0.845,6.3,0.65
RFI,296,B,2015,330.63651,63.75417,20,9,20.355,6.6696,35.0795,27.5273,2370.3301,,8.0765,,2312.521,,2130.941,351.224,12.8763,349.812,1986,354.2,355.3,1744.9,231,10.1,9.2,5.56,3.66,366.5,12.36,0.885,7.1,
RFI,296,B,2015,330.63651,63.75417,10,10,10.204,6.8396,35.082,27.5059,2367.1101,,8.0734,,2309.6653,,2128.543,354.156,12.8788,352.735,1985.3,356.8,358,1745.7,229.5,10.1,9.225,5.52,3.64,369.3,12.26,0.862,7.11,
RFI,296,B,2015,330.63651,63.75417,0,11,2.532,6.8383,35.0827,27.5064,2367.1201,,8.0761,,2309.6531,,2127.485,351.958,12.8422,350.546,1983.6,354.1,355.2,1743,230.6,10,9.2,5.55,3.66,366.5,12.26,0.867,7.17,
RFI,299,B,2015,332.82666,63.75134,1000,1,1012.607,4.2238,34.9616,27.7404,2366.46,,8.0399,,2309.2363,,2144.612,342.04,13.5908,340.62,2006.1,393,394.2,1779,215.9,11.2,9.564,5.2,3.43,406.7,15.71,1.124,9.55,
RFI,299,B,2015,332.82666,63.75134,300,4,303.66,6.1928,35.0972,27.6081,2368,,8.0389,,2310.5149,,2143.682,374.322,13.4229,372.807,2006.8,393.8,395.1,1779.5,216.2,11.2,9.554,5.2,3.43,407.6,14.47,1.031,7.44,
RFI,299,B,2015,332.82666,63.75134,200,6,202.686,6.3034,35.0924,27.5887,2371.5701,,8.0532,,2313.7505,,2141.637,365.466,13.2317,363.99,2001.2,378.7,379.9,1768.5,222,10.7,9.418,5.34,3.52,391.9,14.09,0.993,7.54,
RFI,299,B,2015,332.82666,63.75134,100,7,101.372,6.8323,35.126,27.5427,2371.72,,8.0599,,2313.8254,,2136.674,363.649,13.0329,362.19,1997,371.4,372.6,1761.7,224.8,10.5,9.349,5.4,3.56,384.4,12.95,0.971,6.51,2.75
RFI,299,B,2015,332.82666,63.75134,50,8,51.1,7.0162,35.1277,27.5179,2370.1899,,8.0941,,2312.323,,2119.722,334.116,12.4962,332.778,1974.4,336.5,337.5,1726.5,238.3,9.5,9.034,5.73,3.78,348.2,10.74,0.747,3.03,2.04
RFI,299,B,2015,332.82666,63.75134,20,9,20.741,7.3001,35.1309,27.4799,2377.48,,8.1361,8.1333,2319.366,,2105.304,300.841,11.8498,299.641,1953.6,298.7,299.6,1688.3,256.7,8.5,8.686,6.17,4.07,309.1,8.14,0.576,1.51,
RFI,299,B,2015,332.82666,63.75134,10,10,10.775,7.5699,35.1346,27.4436,2377.1699,,8.1488,,2317.259,,2095.274,290.856,11.6129,289.701,1943.2,287.5,288.4,1673.1,262,8.2,8.583,6.3,4.15,297.5,7.27,0.513,0.98,
RFI,299,B,2015,332.82666,63.75134,0,11,2.588,7.5696,35.1355,27.4443,2375.0601,,8.1508,,2317.0676,,2094.266,289.546,11.5893,288.396,1941.7,285.7,286.6,1670.8,262.8,8.1,8.567,6.32,4.17,295.7,7.1,0.512,1.09,
RFI,300,B,2015,333.75665,63.2525,1000,1,1013.301,4.7121,34.9855,27.7063,2365.29,,,,2310.2085,,,,,,,,,,,,,,,,16.42,1.128,9.34,
RFI,300,B,2015,333.75665,63.2525,300,4,303.075,6.5217,35.1278,27.5888,2372.77,,,,2317.2847,,,,,,,,,,,,,,,,14.88,1.026,7.33,
RFI,300,B,2015,333.75665,63.2525,200,6,202.194,6.7044,35.1405,27.5729,2371.1201,,,,2315.6377,,,,,,,,,,,,,,,,14.17,0.974,6.95,
RFI,300,B,2015,333.75665,63.2525,100,7,101.641,6.9666,35.1462,27.54,2369.3301,,,,2313.9353,,,,,,,,,,,,,,,,13.12,0.934,6.65,0.51
RFI,300,B,2015,333.75665,63.2525,50,8,50.288,7.2063,35.1546,27.5123,2366.4199,,,,2311.0859,,,,,,,,,,,,,,,,12.25,0.901,6,2.76
RFI,300,B,2015,333.75665,63.2525,20,9,19.907,7.8865,35.1514,27.4102,2375.3401,,,,2319.8933,,,,,,,,,,,,,,,,6.49,0.474,0.95,
RFI,300,B,2015,333.75665,63.2525,10,10,10.287,8.1038,35.1521,27.3778,2341.23,,,,2286.606,,,,,,,,,,,,,,,,5.19,0.415,0.62,
RFI,300,B,2015,333.75665,63.2525,0,11,3.378,8.0966,35.153,27.3796,2335.72,,,,2281.0449,,,,,,,,,,,,,,,,4.99,0.394,0.56,
RFI,301,B,2015,331.76733,63.25533,1000,1,1010.716,3.9517,34.9286,27.7425,2363.2,,8.0371,,2305.4631,,2144.126,343.797,13.7149,342.365,2004.6,395.6,396.8,1779,214.4,11.2,9.593,5.16,3.4,409.4,16.32,1.136,9.63,
RFI,301,B,2015,331.76733,63.25533,300,4,306.136,5.462,35.0426,27.657,,,,,,,,,,,,,,,,,,,,,,,,
RFI,301,B,2015,331.76733,63.25533,200,6,201.931,5.818,35.0685,27.6322,2374.47,2372.26,8.0409,8.0347,2316.1836,2314.093,2152.5,377.489,13.5665,375.954,2011,392.7,394,1782.5,217.4,11.1,9.545,5.23,3.45,406.4,15.56,1.071,7.98,
RFI,301,B,2015,331.76733,63.25533,100,7,102.506,6.4576,35.0895,27.5647,2369.78,,8.0558,,2311.5659,,2139.021,366.993,13.2011,365.513,1997.7,375.6,376.8,1764.3,222.8,10.7,9.392,5.36,3.53,388.7,13.17,0.961,6.98,1.41
RFI,301,B,2015,331.76733,63.25533,50,8,52.831,6.7742,35.1127,27.5396,2372.96,,8.0636,,2314.6562,,2137.127,362.296,13.0223,360.841,1995.6,367.7,368.9,1758.9,226.2,10.4,9.317,5.44,3.59,380.6,12.54,0.891,5.7,2.48
RFI,301,B,2015,331.76733,63.25533,20,9,22.752,7.1551,35.0915,27.4694,2377.29,,8.1471,,2318.8601,,2100.886,292.012,11.7395,290.845,1946.2,289.2,290.2,1676.7,261.3,8.2,8.603,6.28,4.14,299.3,7.15,0.53,0.83,
RFI,301,B,2015,331.76733,63.25533,10,10,12.723,7.1751,35.0926,27.4674,2373.6399,,,,2318.1113,,,,,,,,,,,,,,,,7.14,0.529,2.81,
RFI,301,B,2015,331.76733,63.25533,0,11,3.854,7.1754,35.0927,27.4673,2377.1201,,,,2321.5444,,,,,,,,,,,,,,,,7.38,0.518,0.79,
RFI,304,B,2015,329.8075,63.25617,1000,1,1013.348,4.0561,34.9437,27.7437,2365.6001,,8.0464,,2307.7649,,2141.715,335.907,13.5359,334.509,2001,385.6,386.8,1771.9,218.2,11,9.501,5.26,3.46,399.1,16.62,1.138,9.75,
RFI,304,B,2015,329.8075,63.25617,300,4,302.895,5.4777,35.0427,27.655,2370.29,,8.037,,2312.1711,,2151.07,375.976,13.6671,374.44,2009.9,396.4,397.7,1783.2,215.4,11.3,9.583,5.18,3.42,410.3,15.85,1.094,8.25,
RFI,304,B,2015,329.8075,63.25617,200,6,202.227,5.8767,35.0749,27.6299,2371.4399,,8.0359,,2313.2451,,2151.33,381.958,13.6225,380.406,2011.3,397.8,399,1784.8,215.2,11.3,9.59,5.18,3.41,411.6,15.65,1.035,8.04,
RFI,304,B,2015,329.8075,63.25617,100,7,101.305,6.2895,35.0925,27.5893,2373.6499,,8.0559,,2315.3916,,2143.77,367.448,13.2509,365.963,2001.1,376.1,377.3,1767.2,223.2,10.7,9.394,5.37,3.54,389.2,14.21,0.979,7.31,0.36
RFI,304,B,2015,329.8075,63.25617,50,8,50.618,6.8066,35.1139,27.536,2370.5901,,8.0649,,2312.3843,,2134.212,360.806,12.9913,359.358,1992.7,366,367.1,1755.8,226.5,10.4,9.302,5.45,3.59,378.8,12.58,0.937,6.04,2.39
RFI,304,B,2015,329.8075,63.25617,20,9,20.57,7.0334,35.0936,27.4882,2376.4399,,8.1305,,2318.1042,,2109.031,305.233,11.9993,304.012,1956.4,303.6,304.5,1693.8,254,8.6,8.735,6.11,4.03,314.2,7.96,0.65,1.29,
RFI,304,B,2015,329.8075,63.25617,10,10,10.811,7.0415,35.0927,27.4862,2376.3101,,8.1449,,2317.9719,,2102.196,294.014,11.8012,292.838,1946.8,291,291.9,1678.4,260.2,8.3,8.619,6.26,4.13,301.2,8.15,0.58,1.13,
RFI,304,B,2015,329.8075,63.25617,0,11,3.416,7.0444,35.092,27.4852,2373.5601,,8.1364,,2315.3118,,2103.852,300.692,11.9187,299.489,1950.1,298,298.9,1685.4,256.2,8.5,8.685,6.16,4.06,308.4,8.2,0.587,2.26,
RFI,306,B,2015,327.85434,63.24983,1000,1,1014.28,4.1449,34.9273,27.7214,2362.51,2365.76,8.0437,8.0496,2304.7573,2307.9348,2139.437,337.916,13.5529,336.512,2000.1,388.1,389.4,1772.2,216.8,11,9.527,5.22,3.44,401.7,16.14,1.117,8.54,
RFI,306,B,2015,327.85434,63.24983,300,4,306.102,4.9831,35.0114,27.6891,2366.8401,,8.0456,,2308.866,,2147.751,366.602,13.6699,365.095,2002,386.4,387.7,1772.8,218.3,11,9.5,5.25,3.46,399.9,15.66,1.085,8.03,
RFI,306,B,2015,327.85434,63.24983,200,6,200.606,5.3598,35.0455,27.6706,2370.8101,,8.0475,,2312.6946,,2149.62,370.202,13.5907,368.687,2004.1,384.9,386.1,1773.7,219.5,10.9,9.48,5.28,3.48,398.3,15.17,1.047,7.59,
RFI,306,B,2015,327.85434,63.24983,100,7,99.553,5.474,35.0524,27.6611,,,8.0481,,2309.6235,,2147.231,373.573,13.5985,372.047,2000.9,383.7,384.9,1770.5,219.5,10.9,9.47,5.28,3.48,397.1,15.32,1.048,7.81,0.05
RFI,306,B,2015,327.85434,63.24983,50,8,51.604,6.0513,35.0488,27.5853,,,8.0616,,2310.0117,,2138.875,363.171,13.2567,361.699,1993.1,369.3,370.5,1757.9,224.7,10.5,9.341,5.41,3.56,382.2,13.22,0.945,7.49,0.47
RFI,306,B,2015,327.85434,63.24983,20,9,20.839,6.5569,35.0272,27.5013,,,8.0908,,2311.5527,,2124.819,338.128,12.7019,336.767,1976.6,339.9,341,1730.4,236.5,9.6,9.077,5.69,3.75,351.8,11.2,0.792,6.99,
RFI,306,B,2015,327.85434,63.24983,10,10,11.418,6.5725,35.0275,27.4993,,,8.0931,,2308.3093,,2120.774,335.973,12.6636,334.62,1972.2,337.2,338.2,1725.6,237.1,9.6,9.053,5.71,3.76,348.9,11.02,0.778,6.99,
RFI,306,B,2015,327.85434,63.24983,0,11,2.394,6.5788,35.0274,27.4982,,,8.0603,,2300.6313,,2127.8,365.371,13.1515,363.9,1985.6,369.2,370.3,1751.9,223.2,10.5,9.347,5.37,3.54,382,11.14,0.769,6.98,
RFI,308,B,2015,325.88165,63.247,1000,1,1012.384,3.7987,34.9046,27.7389,,,8.0495,,2302.8303,,2137.64,332.314,13.5607,330.926,1995,381.5,382.7,1765.4,218.8,10.8,9.472,5.27,3.47,394.8,16.36,1.133,9.07,
RFI,308,B,2015,325.88165,63.247,300,4,304.139,4.5554,34.9687,27.7038,,,8.0441,,2308.2327,,2150.796,367.7,13.825,366.18,2002.7,388.1,389.4,1774.2,217.5,11,9.52,5.24,3.45,401.7,16.37,1.132,8.46,
RFI,308,B,2015,325.88165,63.247,200,6,200.825,4.846,34.9956,27.6915,,,8.0457,8.0436,2308.0881,2307.2559,2149.581,370.818,13.7681,369.291,2001.4,386.2,387.5,1772.2,218.2,11,9.5,5.25,3.46,399.7,16.01,1.116,8.19,
RFI,308,B,2015,325.88165,63.247,100,7,100.624,5.3665,35.0251,27.6526,,,8.0535,,2312.3477,,2148.44,368.732,13.554,367.224,2000.3,378.4,379.6,1767.8,221.7,10.7,9.424,5.34,3.52,391.6,15.09,1.067,7.88,0.12
RFI,308,B,2015,325.88165,63.247,50,8,48.623,6.0111,35.0151,27.5638,,,8.0944,,2311.4016,,2126.578,333.576,12.7788,332.224,1974.3,336.4,337.5,1726.8,237.9,9.6,9.046,5.73,3.77,348.2,11.41,0.861,7.75,0.92
RFI,308,B,2015,325.88165,63.247,20,9,20.62,6.5086,34.9865,27.4757,,,8.1416,,2313.4961,,2104.105,295.789,11.9885,294.597,1946,293.6,294.5,1679.8,257.8,8.3,8.655,6.21,4.09,303.8,8.81,0.69,7.3,
RFI,308,B,2015,325.88165,63.247,10,10,11.494,6.5157,34.9809,27.4702,,,8.1378,,2309.0403,,2101.831,298.545,12.04,297.343,1944.6,296.3,297.2,1680.5,255.7,8.4,8.682,6.16,4.06,306.6,8.87,0.689,7.04,
RFI,308,B,2015,325.88165,63.247,0,11,2.8,6.5136,34.9822,27.4713,,,8.1361,,2306.9797,,2100.844,299.931,12.0657,298.722,1943.8,297.5,298.4,1680.7,254.7,8.4,8.694,6.13,4.04,307.9,8.94,0.685,7.04,
RFI,310,B,2015,323.89667,63.25233,1000,1,1012.483,3.9361,34.9228,27.7394,,,8.0446,,2302.8813,,2138.701,336.696,13.5957,335.293,1997.9,386.8,388,1769.9,217,11,9.517,5.23,3.44,400.3,16.62,1.144,9.67,
RFI,310,B,2015,323.89667,63.25233,300,4,304.863,5.0139,35.0106,27.6849,,,8.0428,,2308.5959,,2148.457,369.319,13.7062,367.801,2003.4,389.5,390.7,1775.2,217.2,11.1,9.527,5.23,3.45,403.1,15.78,1.1,8.07,
RFI,310,B,2015,323.89667,63.25233,200,6,201.685,5.3142,35.0392,27.671,,,8.0462,,2312.0942,,2149.898,371.285,13.6239,369.765,2004.4,386.2,387.5,1774.5,218.9,11,9.493,5.27,3.47,399.7,15.41,1.07,7.71,
RFI,310,B,2015,323.89667,63.25233,100,7,99.741,5.7525,35.0636,27.6355,,,8.0501,8.051,2311.1211,2313.7007,2145.923,372.073,13.4894,370.559,2000.9,381.7,382.9,1769.7,220.4,10.8,9.45,5.3,3.5,395.1,14.81,1.028,7.62,0.1
RFI,310,B,2015,323.89667,63.25233,50,8,50.211,6.04,35.054,27.5909,,,8.0678,,2314.6025,,2140.688,358.095,13.1706,356.643,1993.4,363.5,364.7,1755.4,227.7,10.3,9.286,5.48,3.61,376.2,13.07,0.918,7.5,0.28
RFI,310,B,2015,323.89667,63.25233,20,9,21.238,6.5326,34.9673,27.4573,,,8.1371,,2309.0706,,2101.968,298.797,12.044,297.594,1945.2,296.9,297.9,1681.4,255.3,8.4,8.689,6.15,4.05,307.3,8.89,0.731,7.18,
RFI,310,B,2015,323.89667,63.25233,10,10,12.33,6.5365,34.9671,27.4565,,,8.1098,,2298.512,,2104.636,320.123,12.4255,318.834,1953.4,320,321,1701.7,242.6,9.1,8.906,5.84,3.85,331.2,8.8,0.693,6.92,
RFI,310,B,2015,323.89667,63.25233,0,11,3.237,6.5367,34.9669,27.4562,,,8.1091,,2317.793,,2123.321,323.839,12.4686,322.534,1971.1,323.5,324.5,1717.4,244.5,9.2,8.931,5.89,3.88,334.8,8.47,0.671,6.65,
RFI,313,B,2015,321.92401,63.22833,1000,1,1009.384,3.844,34.9233,27.7492,,,8.0452,,2306.667,,2142.724,336.759,13.6197,335.353,2000.9,386.8,388,1772.4,217.6,11,9.515,5.24,3.45,400.3,16.17,1.12,9.26,
RFI,313,B,2015,321.92401,63.22833,300,4,304.83,5.1972,35.0271,27.6764,,,8.0413,,2309.8762,,2149.008,371.109,13.6765,369.588,2005.4,391.3,392.5,1777.5,216.8,11.1,9.541,5.22,3.44,405,15.64,1.085,7.92,
RFI,313,B,2015,321.92401,63.22833,200,6,199.775,5.6136,35.0556,27.6476,,,8.0488,8.0497,2315.0332,2314.3049,2149.588,369.562,13.5015,368.055,2005.3,383.8,385.1,1774.2,220.3,10.9,9.468,5.3,3.49,397.2,14.9,1.028,7.53,
RFI,313,B,2015,321.92401,63.22833,100,7,102.663,6.0305,35.0691,27.6046,,,8.0663,,2314.283,,2140.165,357.222,13.1638,355.774,1993.9,365,366.2,1756.5,227.1,10.4,9.298,5.46,3.6,377.7,12.56,0.928,7.05,0.74
RFI,313,B,2015,321.92401,63.22833,50,8,52.835,6.2168,35.0546,27.5685,,,8.1133,,2314.2444,,2119.079,317.58,12.4375,316.295,1964.5,318.8,319.8,1709.3,246.2,9,8.88,5.92,3.9,329.9,10.03,0.776,6.66,1.49
RFI,313,B,2015,321.92401,63.22833,20,9,19.788,6.234,35.037,27.5519,,,8.1216,,2312.2798,,2113.992,311.642,12.3302,310.381,1957.5,310.9,311.9,1699.3,249.4,8.8,8.81,6,3.96,321.8,9.86,0.769,6.78,
RFI,313,B,2015,321.92401,63.22833,10,10,10.487,6.2264,35.0343,27.5506,,,8.122,,2311.9807,,2113.758,311.613,12.3313,310.353,1957,310.5,311.5,1698.7,249.5,8.8,8.807,6,3.96,321.4,9.83,0.774,6.79,
RFI,313,B,2015,321.92401,63.22833,0,11,1.609,6.2252,35.0346,27.551,,,8.1256,,2313.5774,,2113.78,309.189,12.2861,307.938,1956.1,307.5,308.5,1696.2,251.2,8.7,8.779,6.05,3.98,318.2,9.79,0.773,6.67,
RFI,314,B,2015,320.00351,62.7445,1000,1,1012.561,3.7498,34.9377,27.7702,,,8.0332,,2303.9805,,2145.521,346.734,13.8283,345.285,2005.5,399.6,400.9,1781.4,212.8,11.4,9.629,5.12,3.38,413.6,16.3,1.135,9.91,
RFI,314,B,2015,320.00351,62.7445,300,4,304.198,4.7979,34.992,27.695,,,8.0787,8.0444,2305.3333,2309.2632,2131.987,335.716,13.2021,334.332,1978.8,351.1,352.2,1738,230.8,10,9.185,5.56,3.66,363.3,15.79,1.096,8.12,
RFI,314,B,2015,320.00351,62.7445,200,6,204.152,5.3685,35.0391,27.6645,,,8.0443,,2310.9756,,2149.213,372.879,13.6357,371.354,2004.5,388.1,389.4,1775.4,218.1,11,9.51,5.25,3.46,401.7,13.75,1.013,6.93,
RFI,314,B,2015,320.00351,62.7445,100,7,103.192,5.7119,35.0313,27.6151,,,8.0726,,2308.4946,,2134.351,350.319,13.1529,348.893,1985.1,357.7,358.8,1746.1,228.9,10.2,9.239,5.51,3.63,370.1,12.95,0.94,7.17,0.23
RFI,314,B,2015,320.00351,62.7445,50,8,50.547,5.9208,35.0155,27.5757,,,8.1046,,2310.9006,,2122.213,324.528,12.6479,323.211,1967.4,326.5,327.6,1716.1,242,9.3,8.956,5.83,3.84,338,11.11,0.823,7.12,0.54
RFI,314,B,2015,320.00351,62.7445,20,9,21.111,5.9274,35.0156,27.5746,,,8.1059,,2311.5991,,2122.741,324.64,12.6432,323.322,1967.2,325.4,326.5,1715.3,242.7,9.2,8.946,5.84,3.85,336.8,10.92,0.844,7.03,
RFI,314,B,2015,320.00351,62.7445,10,10,10.444,5.9635,35.0161,27.5703,,,8.1082,,2308.6433,,2118.837,322.667,12.6007,321.358,1963.1,322.8,323.9,1710.6,243.3,9.2,8.923,5.86,3.86,334.1,10.93,0.831,7.03,
RFI,314,B,2015,320.00351,62.7445,0,11,3.746,5.9851,35.0171,27.5682,,,8.1081,,2311.417,,2121.457,323.414,12.6039,322.102,1965.6,323.3,324.4,1712.9,243.6,9.2,8.926,5.86,3.86,334.6,10.89,0.833,7.08,
RFI,316,B,2015,321.98965,62.74633,1000,1,1012.014,3.7014,34.8972,27.7427,,,8.0472,,2302.6743,,2139.117,334.208,13.6264,332.811,1996.3,384,385.3,1767.6,217.8,10.9,9.495,5.25,3.46,397.4,16.03,1.107,8.63,
RFI,316,B,2015,321.98965,62.74633,300,4,303.303,4.5056,34.9645,27.7059,,,8.0434,,2305.6084,,2148.924,367.934,13.8476,366.412,2000.7,388.5,389.7,1772.8,216.9,11,9.525,5.22,3.44,402,16.01,1.11,8.28,
RFI,316,B,2015,321.98965,62.74633,200,6,203.335,4.8675,34.9982,27.691,,,8.0445,8.043,2307.6912,2307.4043,2149.496,371.814,13.7784,370.283,2001.7,387.5,388.7,1773,217.7,11,9.511,5.24,3.45,401,15.82,1.09,8.07,
RFI,316,B,2015,321.98965,62.74633,100,7,100.662,5.3989,35.0465,27.6657,,,8.047,,2310.8291,,,,,,2002.9,385.4,386.7,1772.9,219,10.9,9.486,5.27,3.47,398.9,9.33,0.876,4.76,0.05
RFI,316,B,2015,321.98965,62.74633,50,8,50.376,5.9532,34.9971,27.557,,,7.9526,,2310.2878,,2183.159,481.419,15.0351,479.465,2056.3,501.6,503.2,1857.5,184.5,14.2,10.498,4.44,2.93,519.1,11.67,0.85,7.34,0.53
RFI,316,B,2015,321.98965,62.74633,20,9,19.864,6.3907,34.9698,27.4781,,,8.1009,,2308.6482,,2119.112,328.887,12.6045,327.56,1968.1,329.9,330.9,1718.6,240.1,9.4,8.993,5.78,3.81,341.4,7.88,0.668,5.87,
RFI,316,B,2015,321.98965,62.74633,10,10,10.442,6.4891,34.9687,27.464,,,8.1585,,2307.9717,,2091.35,282.371,11.759,281.233,1930,278.7,279.6,1657.7,264.4,7.9,8.52,6.37,4.2,288.4,9.25,0.729,6.9,
RFI,316,B,2015,321.98965,62.74633,0,11,3.372,6.561,34.968,27.4538,,,8.2053,,2308.1819,,2068.086,249.069,11.1241,248.066,1898.2,242.4,243.2,1606,285.3,6.9,8.183,6.87,4.53,250.9,9.25,0.824,6.93,
RFI,318,B,2015,324.00766,62.75433,1000,1,1011.241,3.7518,34.9008,27.7406,,,8.0505,8.0495,2305.0559,2303.2092,2139.702,331.781,13.5632,330.395,1996.5,380.8,382.1,1766.3,219.4,10.8,9.465,5.28,3.48,394.1,16.17,1.118,8.52,
RFI,318,B,2015,324.00766,62.75433,300,4,303.96,4.3778,34.9533,27.7111,,,8.0448,,2310.1648,,2153.597,367.216,13.8713,365.694,2004.1,387.8,389,1775.2,217.9,11,9.518,5.25,3.46,401.3,15.76,1.101,8.05,
RFI,318,B,2015,324.00766,62.75433,200,6,202.798,4.7571,34.9896,27.6969,,,8.0444,,2309.8147,,2152.339,372.201,13.8171,370.666,2003.7,388,389.2,1774.9,217.8,11,9.516,5.24,3.46,401.5,16,1.096,8.04,
RFI,318,B,2015,324.00766,62.75433,100,7,100.75,5.2182,35.0248,27.6702,,,8.0428,,2313.415,,2154.826,379.181,13.7662,377.627,2007.7,390.3,391.5,1778.9,217.7,11.1,9.53,5.24,3.45,403.9,15.58,1.076,7.73,0.09
RFI,318,B,2015,324.00766,62.75433,50,8,50.482,5.7805,35.0017,27.5825,,,8.0745,,2312.979,,2138.339,351.546,13.1478,350.116,1988.2,356.5,357.7,1748.1,230,10.1,9.23,5.54,3.65,369,12.29,0.91,7.44,0.78
RFI,318,B,2015,324.00766,62.75433,20,9,20.717,6.4666,34.9814,27.4773,,,8.1532,,2312.7598,,2098.283,286.649,11.8365,285.494,1937.7,283.6,284.5,1666.9,262.7,8.1,8.564,6.33,4.17,293.5,8.62,0.691,6.93,
RFI,318,B,2015,324.00766,62.75433,10,10,11.323,6.4935,34.982,27.474,,,8.15,,2312.915,,2099.903,289.463,11.8793,288.297,1939.9,286.3,287.3,1670.4,261.4,8.1,8.589,6.29,4.15,296.3,8.32,0.666,6.86,
RFI,318,B,2015,324.00766,62.75433,0,11,4.002,6.4924,34.9821,27.4742,,,8.1427,,2313.8298,,2104.342,295.547,11.9867,294.356,1945.6,292.7,293.6,1678.9,258.3,8.3,8.647,6.22,4.1,302.9,8.32,0.661,6.84,
RFI,320,B,2015,326.01651,62.7555,1000,1,1012.875,3.7233,34.8982,27.7414,,,8.051,,2301.0708,,2135.866,330.672,13.5563,329.29,1992.6,379.6,380.8,1762.6,219.1,10.8,9.456,5.28,3.48,392.9,15.57,1.086,8.07,
RFI,320,B,2015,326.01651,62.7555,300,4,303.226,4.1041,34.931,27.7227,,,8.0396,,2307.4851,,2154.998,371.55,14.0346,370.005,2004.9,393.1,394.4,1778.2,215.5,11.2,9.57,5.19,3.42,406.9,15.32,1.092,7.84,
RFI,320,B,2015,326.01651,62.7555,200,6,202.704,4.2199,34.9389,27.7158,,,8.0427,,2305.1174,,2152.251,372.657,14.0024,371.11,2000.9,389.2,390.5,1773.3,216.5,11.1,9.536,5.21,3.44,402.8,16.17,1.132,8.28,
RFI,320,B,2015,326.01651,62.7555,100,7,101.66,4.8431,34.9389,27.6459,,,8.0806,,2312.6377,,2141.361,343.359,13.2957,341.945,1984.6,350.5,351.6,1742.5,232.1,10,9.183,5.59,3.68,362.8,11.78,0.94,7.79,0.08
RFI,320,B,2015,326.01651,62.7555,50,8,50.198,5.7968,34.928,27.5221,,,8.1247,,2311.0364,,2114.728,307.871,12.4039,306.619,1955.3,308.3,309.3,1696.5,250.1,8.8,8.798,6.02,3.97,319.1,9.26,0.743,7.26,0.53
RFI,320,B,2015,326.01651,62.7555,20,9,20.352,6.1251,34.9248,27.4774,,,8.1356,,2311.2734,,2108.065,300.289,12.1795,299.073,1948.5,298.7,299.6,1685.2,254.7,8.5,8.709,6.14,4.04,309.1,8.6,0.715,6.88,
RFI,320,B,2015,326.01651,62.7555,10,10,10.718,6.1411,34.9231,27.4739,,,,,,,,,,,,,,,,,,,,,8.3,0.824,6.94,
RFI,320,B,2015,326.01651,62.7555,0,11,3.601,6.1441,34.9226,27.473,,,,,,,,,,,,,,,,,,,,,8.35,0.682,6.94,
RFI,322,B,2015,328.0015,62.75167,1000,1,1014.151,3.8919,34.9075,27.7318,,,8.0474,8.051,2303.2878,2306.3657,2138.283,334.23,13.5672,332.836,1996.7,383.9,385.1,1767.7,218,10.9,9.492,5.25,3.46,397.3,16.15,1.116,8.6,
RFI,322,B,2015,328.0015,62.75167,300,4,303.272,4.9773,35.007,27.6863,,,8.0451,,2309.5376,,2148.701,367.314,13.6832,365.803,2002.9,387.1,388.4,1773.8,218.1,11,9.506,5.25,3.46,400.6,15.82,1.088,8.01,
RFI,322,B,2015,328.0015,62.75167,200,6,203.628,5.2928,35.0309,27.6671,,,8.0426,,2310.4592,,2149.963,374.419,13.6853,372.886,2005.1,389.9,391.2,1776.7,217.3,11.1,9.528,5.23,3.45,403.6,15.68,1.046,7.84,
RFI,322,B,2015,328.0015,62.75167,100,7,99.718,5.7509,35.05,27.6249,,,8.0488,,2311.4956,,2146.899,373.428,13.5143,371.909,2002.2,383.2,384.5,1771.4,219.9,10.9,9.465,5.29,3.49,396.6,14.67,0.97,7.51,0.07
RFI,322,B,2015,328.0015,62.75167,50,8,49.859,6.2106,35.0493,27.565,,,8.0597,,2311.7402,,2140.266,365.445,13.2464,363.966,1995.8,371.6,372.8,1761.1,224.2,10.5,9.361,5.39,3.56,384.6,13.02,0.906,7.37,0.49
RFI,322,B,2015,328.0015,62.75167,20,9,19.006,6.966,35.0265,27.4447,,,8.146,,2313.1401,,2097.973,292.355,11.8079,291.184,1942.4,289.6,290.6,1674.3,259.8,8.2,8.615,6.25,4.12,299.7,7.89,0.5,3.06,
RFI,322,B,2015,328.0015,62.75167,10,10,10.65,6.9927,35.0277,27.4419,,,8.0807,,2299.24,,2114.674,345.978,12.7261,344.593,1971.8,348,349.1,1730.8,231.1,9.9,9.155,5.56,3.67,360.1,7.75,0.481,2.77,
RFI,322,B,2015,328.0015,62.75167,0,11,2.913,6.9962,35.0276,27.4412,,,8.1364,,2318.3201,,2107.436,301.237,11.9491,300.031,1953.3,298.6,299.6,1688.5,256.3,8.5,8.696,6.17,4.07,309,7.72,0.478,2.74,
RFI,324,B,2015,330.01999,62.75417,1000,1,1013.16,3.8455,34.9064,27.7356,,,8.0424,,2308.4475,,2145.586,339.375,13.6692,337.959,2004.3,390.3,391.5,1776.6,216.6,11.1,9.547,5.22,3.44,403.9,16.24,1.124,8.74,
RFI,324,B,2015,330.01999,62.75417,300,4,303.587,5.2032,35.024,27.6733,,,8.0409,,2313.9497,,2153.061,372.234,13.6892,370.708,2009.3,392.5,393.7,1781.2,217,11.1,9.549,5.22,3.44,406.2,15.89,1.096,8.05,
RFI,324,B,2015,330.01999,62.75417,200,6,201.729,5.4233,35.0406,27.659,,,8.0399,,2313.5784,,2153.172,377.758,13.6951,376.214,2009.5,393.5,394.7,1781.7,216.6,11.2,9.556,5.21,3.44,407.2,15.71,1.075,7.83,
RFI,324,B,2015,330.01999,62.75417,100,7,101.262,6.0097,35.0433,27.5869,,,8.055,,2315.5632,,2146.464,368.25,13.3535,366.757,2002.2,377.3,378.5,1768.8,222.7,10.7,9.411,5.36,3.53,390.4,13.48,0.983,7.38,0.05
RFI,324,B,2015,330.01999,62.75417,50,8,50.2,6.3982,35.0664,27.5538,,,8.0596,8.0606,2316.5735,2314.6941,2143.535,366.401,13.2001,364.923,2000.1,372.4,373.6,1764.8,224.7,10.6,9.364,5.41,3.56,385.4,12.84,0.926,7.06,0.53
RFI,324,B,2015,330.01999,62.75417,20,9,20.269,7.1809,35.0517,27.4344,,,8.1395,,2316.2026,,2102.113,297.848,11.8445,296.659,1949.2,295.5,296.5,1683.3,257.5,8.4,8.666,6.2,4.08,305.9,7.39,0.511,0.86,
RFI,324,B,2015,330.01999,62.75417,10,10,10.377,7.3421,35.0529,27.4123,,,8.164,,2320.7903,,2093.454,279.773,11.4837,278.658,1936.9,275.5,276.4,1660.3,268.7,7.8,8.48,6.47,4.26,285.1,6.28,0.425,0.49,
RFI,324,B,2015,330.01999,62.75417,0,11,2.514,7.3412,35.0545,27.4136,,,8.1676,,2318.4602,,2089.642,277.031,11.4361,275.927,1932.4,272.3,273.2,1654.6,270,7.7,8.451,6.5,4.28,281.8,6.1,0.377,0.37,
RFI,326,B,2015,332.02716,62.754,1000,1,1013.884,3.9922,34.933,27.7419,,,8.0386,,2306.9639,,2144.614,342.599,13.6791,341.172,2005,394.1,395.4,1778.7,215.1,11.2,9.579,5.18,3.41,407.9,16.37,1.127,9.28,
RFI,326,B,2015,332.02716,62.754,300,4,305.037,6.6868,35.1467,27.5815,,,8.0422,,2319.7341,,2147.479,372.861,13.2386,371.363,2012.9,391.6,392.8,1783.2,218.5,11.1,9.524,5.25,3.46,405.3,14.67,1.003,6.94,
RFI,326,B,2015,332.02716,62.754,200,6,202.529,6.8031,35.1469,27.5645,,,8.0471,,2319.9753,,2146.472,372.626,13.1871,371.13,2010.1,386.2,387.5,1778.7,220.4,11,9.476,5.3,3.49,399.7,14.35,0.983,6.68,
RFI,326,B,2015,332.02716,62.754,100,7,100.636,6.9103,35.1456,27.5474,,,8.039,,2315.3137,,2146.368,384.398,13.331,382.857,2010.8,394.4,395.6,1782.7,216.9,11.2,9.551,5.21,3.44,408.2,14.11,0.977,6.6,0.43
RFI,326,B,2015,332.02716,62.754,50,8,51.572,7.1111,35.1307,27.507,,,8.0762,,2321.7571,,2135.927,351.79,12.7502,350.383,1994.1,355.8,356.9,1751.9,232.1,10.1,9.204,5.58,3.68,368.2,10.86,0.747,3.23,1.57
RFI,326,B,2015,332.02716,62.754,20,9,20.615,7.9156,35.1398,27.3968,,,8.1695,,2323.229,,2087.635,275.465,11.2613,274.375,1934.5,271.1,272,1655,271.8,7.7,8.43,6.54,4.31,280.6,5.7,0.416,0.4,
RFI,326,B,2015,332.02716,62.754,10,10,11.063,7.9739,35.1391,27.3872,,,8.1206,,2304.3484,,2093.521,311.97,11.8854,310.737,1950.3,310.4,311.4,1693,248.5,8.8,8.797,5.97,3.94,321.2,5.57,0.399,0.43,
RFI,326,B,2015,332.02716,62.754,0,11,2.508,7.9906,35.1391,27.3846,,,8.1734,,2320.6287,,2082.975,272.832,11.199,271.754,1929.6,267.7,268.5,1648.7,273.2,7.6,8.399,6.57,4.33,277,5.52,0.418,0.43,
RFI,329,B,2015,333.94632,62.74583,1000,1,1013.652,4.3759,34.9686,27.7297,,,8.033,8.0315,2302.8621,2306.665,2140.298,347.359,13.6454,345.92,2004.4,399.6,400.8,1780.3,212.7,11.3,9.625,5.12,3.38,413.5,16.79,1.133,9.53,
RFI,329,B,2015,333.94632,62.74583,300,4,301.774,6.1447,35.0881,27.6071,,,8.0421,,2314.2122,,2146.269,371.882,13.3952,370.377,2008.4,390.9,392.2,1779.5,217.7,11.1,9.528,5.24,3.45,404.6,15.06,1.028,7.47,
RFI,329,B,2015,333.94632,62.74583,200,6,201.297,6.3409,35.0967,27.5871,,,8.0492,,2314.7043,,2143.983,369.543,13.2845,368.051,2004.5,383.2,384.4,1773.1,220.5,10.9,9.458,5.3,3.5,396.6,14.55,0.99,7.23,
RFI,329,B,2015,333.94632,62.74583,100,7,101.812,6.6906,35.122,27.559,,,8.0505,,2313.1274,,2141.014,372.497,13.2147,370.999,2002.1,381.4,382.6,1770.3,221,10.8,9.439,5.31,3.5,394.7,13.78,0.96,6.75,1.49
RFI,329,B,2015,333.94632,62.74583,50,8,51.327,7.1501,35.125,27.4969,,,8.0837,,2314.7646,,2125.732,343.865,12.6195,342.491,1983.1,347.1,348.2,1738.9,234.3,9.8,9.13,5.64,3.72,359.2,10.77,0.734,3.63,1.99
RFI,329,B,2015,333.94632,62.74583,20,9,20.009,7.7203,35.1297,27.4178,,,8.17,,2318.0522,,2084.22,274.491,11.2941,273.402,1929.7,270.1,271,1650.7,271.4,7.7,8.423,6.53,4.3,279.5,6.26,0.421,0.48,
RFI,329,B,2015,333.94632,62.74583,10,10,11.721,8.0085,35.1264,27.3721,,,8.1779,,2316.6736,,2076.777,268.772,11.1305,267.71,1923.1,263.7,264.5,1640.9,274.7,7.5,8.364,6.61,4.36,272.9,5.77,0.388,0.41,
RFI,329,B,2015,333.94632,62.74583,0,11,4.264,8.1754,35.1211,27.3425,,,8.1025,,2290.7861,,2087.923,325.782,12.0789,324.497,1949.9,325.2,326.2,1701.3,239.4,9.2,8.939,5.76,3.8,336.5,5.38,0.367,0.32,
RFI,330,B,2015,332.50317,62.258,1000,1,1014.311,4.2612,34.9669,27.7407,,,8.0401,8.033,2312.4497,2309.3601,2147.299,342.313,13.5801,340.893,2008.9,393.3,394.6,1781.4,216.3,11.2,9.565,5.21,3.43,407,16.85,1.139,9.79,
RFI,330,B,2015,332.50317,62.258,300,4,303.247,6.1362,35.0794,27.6014,,,8.0389,,2318.7151,,2151.979,375.698,13.456,374.177,2014.4,395.3,396.6,1786.3,216.9,11.2,9.566,5.22,3.44,409.2,15.33,1.054,7.61,
RFI,330,B,2015,332.50317,62.258,200,6,203.519,6.3237,35.0846,27.5798,,,8.0435,,2318.5957,,2150.233,375.653,13.3856,374.136,2011.5,390.2,391.4,1781.8,218.7,11.1,9.519,5.26,3.47,403.8,14.62,1.024,7.09,
RFI,330,B,2015,332.50317,62.258,100,7,101.336,6.6746,35.0831,27.5304,,,8.0627,,2319.2227,,2141.914,361.852,13.0509,360.397,2000.5,369.5,370.7,1763.7,226.2,10.5,9.335,5.44,3.59,382.4,12.24,0.85,4.7,0.04
RFI,330,B,2015,332.50317,62.258,50,8,51.673,7.26,35.1089,27.4687,,,8.0875,,2315.2617,,2123.798,340.576,12.5394,339.217,1981.3,343.4,344.5,1735.7,235.9,9.7,9.098,5.67,3.74,355.4,9.21,0.649,1.57,1.24
RFI,330,B,2015,332.50317,62.258,20,9,20.263,7.7171,35.1074,27.4008,,,8.169,,2324.8521,,2091.223,276.109,11.3214,275.014,1936.6,271.8,272.7,1657.2,271.7,7.7,8.44,6.53,4.31,281.3,6.55,0.482,0.47,
RFI,330,B,2015,332.50317,62.258,10,10,9.798,8.0753,35.0952,27.3375,,,8.1249,,2308.5481,,2094.936,309.139,11.8176,307.918,1951.6,307.2,308.2,1692.3,250.6,8.7,8.771,6.03,3.97,318,6.52,0.45,0.39,
RFI,330,B,2015,332.50317,62.258,0,11,3.343,8.0881,35.0973,27.3371,,,8.0886,,2300.9514,,2104.658,339.669,12.3201,338.328,1967.9,340.2,341.3,1723.5,234.7,9.7,9.076,5.65,3.72,352.1,6.54,0.498,0.41,
RFI,332,B,2015,320.34067,62.24983,1000,1,1014.031,3.8766,34.909,27.7345,,,8.0489,,2296.8135,,2131.579,331.95,13.5366,330.565,1989.9,381.1,382.3,1761.1,218,10.8,9.471,5.25,3.46,394.4,16.23,1.124,9.11,
RFI,332,B,2015,320.34067,62.24983,300,4,303.064,5.4859,35.047,27.6575,,,8.0422,,2305.9192,,2142.884,369.884,13.5716,368.373,2001.1,389.5,390.8,1773.2,216.8,11.1,9.524,5.22,3.44,403.1,15.98,1.078,7.96,
RFI,332,B,2015,320.34067,62.24983,200,6,201.857,5.8043,35.0629,27.6295,,,8.0399,,2308.5586,,2145.751,377.197,13.5754,375.663,2004.7,392.5,393.7,1777.4,216.2,11.1,9.547,5.2,3.43,406.2,15.8,1.077,7.92,
RFI,332,B,2015,320.34067,62.24983,100,7,99.981,6.2533,35.0686,27.5752,,,8.0412,,2307.4922,,2142.785,380.572,13.4838,379.034,2003,390.8,392.1,1775.2,216.6,11.1,9.533,5.21,3.44,404.5,14.33,1.024,7.49,0.51
RFI,332,B,2015,320.34067,62.24983,50,8,50.207,6.5901,35.0796,27.5385,,,8.0652,,2312.0732,,2135.473,360.435,13.0526,358.984,1992.5,365.7,366.9,1755.7,226.5,10.4,9.304,5.45,3.59,378.5,12.51,0.846,4.83,2.76
RFI,332,B,2015,320.34067,62.24983,20,9,19.789,7.4745,35.0541,27.3943,,,8.1614,,2322.5117,,2095.107,281.657,11.4855,280.536,1940.1,277.9,278.7,1664.4,267.8,7.9,8.501,6.44,4.25,287.6,6.75,0.432,0.2,
RFI,332,B,2015,320.34067,62.24983,10,10,10.539,7.961,35.0505,27.3196,,,8.1581,,2322.4209,,2092.956,284.522,11.4227,283.398,1942.3,280.6,281.5,1668,266.3,8,8.527,6.41,4.22,290.4,6.46,0.425,0.15,
RFI,332,B,2015,320.34067,62.24983,0,11,3.746,8.1045,35.0573,27.3032,,,8.1583,,2320.7083,,2090.189,284.372,11.3869,283.25,1940.6,280.2,281.1,1666.4,266.2,8,8.523,6.41,4.22,290,6.25,0.397,0.07,
RFI,334,B,2015,328.185,62.25217,1000,1,1013.153,3.8227,34.905,27.7368,,,8.0475,,2296.1953,,2131.951,333.054,13.5743,331.663,1990.2,382.5,383.8,1762,217.3,10.9,9.484,5.24,3.45,395.9,16.3,1.119,8.75,
RFI,334,B,2015,328.185,62.25217,300,4,302.209,4.8357,34.9953,27.6933,,,8.0459,,2306.4885,,2146.464,365.993,13.7089,364.485,1999.8,385.7,387,1770.8,218.1,11,9.497,5.25,3.46,399.2,16.23,1.098,8.11,
RFI,334,B,2015,328.185,62.25217,200,6,202.499,5.1634,35.0219,27.6754,,,8.0389,8.0435,2305.6709,2304.9978,2147.798,377.18,13.7754,375.633,2003,393.2,394.5,1776.4,215.4,11.2,9.561,5.18,3.42,407,15.87,1.086,7.87,
RFI,334,B,2015,328.185,62.25217,100,7,100.704,5.719,35.0619,27.6383,,,8.0392,,2304.4165,,2144.223,381.573,13.6594,380.02,2001.4,392.5,393.8,1774.7,215.6,11.1,9.55,5.19,3.42,406.2,15.59,1.061,7.69,0.38
RFI,334,B,2015,328.185,62.25217,50,8,50.089,6.2614,35.042,27.5526,,,8.0607,,2304.2625,,2132.411,363.318,13.2073,361.849,1988.5,369.3,370.5,1754.2,223.8,10.5,9.344,5.39,3.55,382.2,12.69,0.949,6.71,3.71
RFI,334,B,2015,328.185,62.25217,20,9,20.353,7.0796,35.042,27.4411,,,8.1379,,2310.3853,,2098.244,298.346,11.8851,297.153,1945.2,296.2,297.1,1680.7,256.1,8.4,8.674,6.16,4.06,306.5,8.24,0.555,0.53,
RFI,334,B,2015,328.185,62.25217,10,10,10.526,7.9144,35.0334,27.3131,,,8.1156,,2296.771,,2089.822,315.332,11.9827,314.085,1947.6,314.2,315.2,1693.6,245.1,8.9,8.846,5.9,3.89,325.2,6.65,0.432,0.16,
RFI,334,B,2015,328.185,62.25217,0,11,2.834,8.0175,35.0399,27.3026,,,8.1512,,2308.4548,,2083.065,288.356,11.4887,287.217,1934.7,284.6,285.5,1665,261.6,8.1,8.568,6.3,4.15,294.5,6.52,0.424,0.1,
RFI,336,B,2015,326.035,62.25283,1000,1,1012.832,3.8266,34.9045,27.736,,,8.0489,,2302.3115,,2137.201,332.77,13.5614,331.38,1994.9,382.1,383.3,1765.6,218.5,10.9,9.477,5.26,3.47,395.4,16.15,1.111,8.55,
RFI,336,B,2015,326.035,62.25283,300,4,303.32,4.5542,34.9683,27.7036,,,8.043,8.0442,2303.1501,2307.0344,2146.398,367.951,13.8352,366.43,1998.7,388.4,389.7,1771.1,216.5,11,9.526,5.21,3.44,402,16.17,1.104,8.24,
RFI,336,B,2015,326.035,62.25283,200,6,201.746,4.7341,34.981,27.6926,,,8.0688,,2310.7559,,2143.437,349.499,13.4416,348.058,1989.9,362.1,363.3,1752.2,227.4,10.3,9.284,5.48,3.61,374.8,15.99,1.085,7.93,
RFI,336,B,2015,326.035,62.25283,100,7,101.031,5.1789,35.0164,27.6682,,,8.044,,2308.4041,,2149.84,377.132,13.7522,375.586,2002.5,388.1,389.3,1773.9,217.6,11,9.514,5.24,3.45,401.6,14.87,1.016,7.53,0.19
RFI,336,B,2015,326.035,62.25283,50,8,50.398,5.9479,35.0114,27.569,,,8.0702,,2310.2607,,2136.385,355.19,13.1623,353.749,1988.4,360.5,361.6,1750.1,228,10.2,9.266,5.49,3.62,373.1,12.6,0.919,7.47,1.22
RFI,336,B,2015,326.035,62.25283,20,9,20.541,6.5211,34.9981,27.4831,,,8.1339,,2312.8521,,2106.936,301.828,12.091,300.612,1950.3,300.1,301.1,1687.3,254.5,8.5,8.715,6.13,4.04,310.6,9.3,0.693,5.17,
RFI,336,B,2015,326.035,62.25283,10,10,10.37,7.2421,34.9824,27.371,,,8.125,,2301.0525,,2094.816,308.054,12.0317,306.824,1945.8,306.5,307.4,1687.8,249.3,8.7,8.778,6,3.96,317.2,6.87,0.518,3.06,
RFI,336,B,2015,326.035,62.25283,0,11,2.694,7.2286,34.9888,27.3779,,,8.1271,,2296.3323,,2089.596,305.939,12.0011,304.718,1940.2,303.9,304.9,1681.9,249.7,8.6,8.756,6.01,3.96,314.5,6.65,0.492,2.43,
RFI,338,B,2015,323.90033,62.2525,1000,1,1016.338,3.7032,34.896,27.7416,,,8.0502,,2299.1655,,2134.463,330.926,13.5701,329.543,1991.3,380.2,381.4,1761.9,218.6,10.8,9.462,5.27,3.47,393.4,15.97,1.102,8.48,
RFI,338,B,2015,323.90033,62.2525,300,4,302.478,4.0689,34.9284,27.7243,,,8.0464,,2307.3762,,2152.431,365.052,13.9362,363.533,2000.8,385.6,386.8,1771.7,218.1,11,9.503,5.25,3.46,399.1,16.33,1.11,8.34,
RFI,338,B,2015,323.90033,62.2525,200,6,203.156,4.2506,34.9439,27.7165,,,8.0421,8.043,2304.8628,2304.6675,2152.018,373.194,14.0013,371.645,2001,389.8,391.1,1773.6,216.3,11.1,9.54,5.21,3.43,403.4,16.26,1.111,8.26,
RFI,338,B,2015,323.90033,62.2525,100,7,101.363,4.7813,34.9916,27.6948,,,8.0444,,2306.3845,,2150.455,376.083,13.8608,374.533,2000.6,387.4,388.6,1772.1,217.5,11,9.512,5.24,3.45,400.9,16.25,1.09,8.04,0.04
RFI,338,B,2015,323.90033,62.2525,50,8,50.549,5.6069,34.9511,27.5641,,,8.09,,2310.3882,,2130.692,337.146,12.9654,335.772,1976.7,340.8,341.9,1731.2,235.8,9.7,9.094,5.68,3.74,352.7,11.36,0.865,7.6,0.34
RFI,338,B,2015,323.90033,62.2525,20,9,19.535,6.7047,34.9029,27.3832,,,8.141,,2306.062,,2096.418,295.538,11.9579,294.351,1940.5,293.4,294.3,1675.8,256.4,8.3,8.664,6.18,4.07,303.6,7.83,0.632,5.97,
RFI,338,B,2015,323.90033,62.2525,10,10,11.115,6.9191,34.916,27.364,,,8.1076,,2299.3274,,2103.921,322.419,12.3742,321.126,1955.9,322.3,323.4,1705.2,241.6,9.2,8.933,5.82,3.84,333.6,8.35,0.751,5.94,
RFI,338,B,2015,323.90033,62.2525,0,11,3.152,6.9119,34.9168,27.3656,,,8.1048,,2301.4565,,2107.376,325.43,12.4239,324.126,1959.6,325.3,326.3,1709.7,240.7,9.2,8.959,5.8,3.82,336.7,8.36,0.658,5.88,
RFI,340,B,2015,321.75266,62.25083,1000,1,1012.306,3.9298,34.914,27.7331,,,8.0451,8.0448,2301.9299,2301.9016,2137.676,336.133,13.5903,334.732,1996.8,386.1,387.4,1768.8,217,11,9.512,5.23,3.45,399.6,16.18,1.114,8.68,
RFI,340,B,2015,321.75266,62.25083,300,4,302.38,4.9677,35.0064,27.6869,,,,,,,,,,,,,,,,,,,,,16.02,1.083,7.92,
RFI,340,B,2015,321.75266,62.25083,200,6,202.295,5.3184,35.0343,27.6667,,,,,,,,,,,,,,,,,,,,,15.66,1.063,7.64,
RFI,340,B,2015,321.75266,62.25083,100,7,100.938,5.6264,35.0073,27.6067,,,,,,,,,,,,,,,,,,,,,12.37,0.94,7.39,0.33
RFI,340,B,2015,321.75266,62.25083,50,8,50.022,6.5753,35.0018,27.4791,,,,,,,,,,,,,,,,,,,,,8.47,0.655,6.24,0.98
RFI,340,B,2015,321.75266,62.25083,20,9,20.963,6.6904,35.013,27.472,,,,,,,,,,,,,,,,,,,,,8.12,0.643,6.06,
RFI,340,B,2015,321.75266,62.25083,10,10,10.567,6.6986,35.0134,27.4711,,,,,,,,,,,,,,,,,,,,,8.03,0.643,5.95,
RFI,340,B,2015,321.75266,62.25083,0,11,2.185,6.6936,35.0097,27.4687,,,,,,,,,,,,,,,,,,,,,8.18,0.647,6.09,
RFI,343,B,2015,319.99066,62.24533,1000,1,1015.105,3.6883,34.9204,27.7625,,,8.0489,,2302.594,,2138.266,332.54,13.595,331.15,1995,382.1,383.3,1765.6,218.6,10.9,9.475,5.26,3.47,395.4,15.58,1.068,8.81,
RFI,343,B,2015,319.99066,62.24533,300,4,302.754,4.9087,34.9918,27.6821,,,,,,,,,,,,,,,,,,,,,15.43,1.05,7.67,
RFI,343,B,2015,319.99066,62.24533,200,6,201.818,5.604,35.0474,27.6422,,,,,,,,,,,,,,,,,,,,,14.81,1.021,7.23,
RFI,343,B,2015,319.99066,62.24533,100,7,103.173,5.7983,35.0592,27.6263,,,,,,,,,,,,,,,,,,,,,14.14,0.99,7.04,1.49
RFI,343,B,2015,319.99066,62.24533,50,8,49.916,5.8524,35.0012,27.5731,,,,,,,,,,,,,,,,,,,,,11.44,0.912,6.2,1.99
RFI,343,B,2015,319.99066,62.24533,20,9,19.954,6.3314,35.0062,27.5147,,,,,,,,,,,,,,,,,,,,,9.34,0.705,5.99,
RFI,343,B,2015,319.99066,62.24533,10,10,9.276,6.3607,35.0092,27.5132,,,,,,,,,,,,,,,,,,,,,9.25,0.704,5.87,
RFI,343,B,2015,319.99066,62.24533,0,11,2.457,6.3549,35.0087,27.5134,,,,,,,,,,,,,,,,,,,,,9.31,0.711,5.93,
RFI,344,B,2015,318.97549,61.49183,1000,1,1011.448,4.0262,34.9317,27.7373,,,8.0447,,2302.873,,2138.031,336.728,13.5673,335.326,1997.7,386.7,387.9,1769.7,217,11,9.515,5.23,3.45,400.2,15.88,1.086,8.78,
RFI,344,B,2015,318.97549,61.49183,300,4,303.781,5.3497,35.0319,27.6621,,,8.0362,,2302.2188,,2142.761,374.958,13.7018,373.424,2001.4,395.6,396.9,1776.1,214.1,11.2,9.582,5.15,3.4,409.4,15.28,1.037,7.44,
RFI,344,B,2015,318.97549,61.49183,200,6,203.125,5.7082,35.0586,27.6382,,,8.0349,,2303.6255,,2143.72,381.163,13.6735,379.611,2003.3,397.2,398.5,1778.2,213.8,11.3,9.593,5.14,3.39,411.1,14.75,1.015,7.21,
RFI,344,B,2015,318.97549,61.49183,100,7,103.772,5.9973,35.0484,27.5925,,,8.0842,,2310.9753,,2129.64,340.307,12.8986,338.926,1980,346.3,347.4,1736.4,233.8,9.8,9.132,5.63,3.71,358.4,11.73,0.883,6.57,0.09
RFI,344,B,2015,318.97549,61.49183,50,8,50.02,6.1157,35.009,27.5455,,,8.1161,,2309.6177,,2114.486,314.739,12.4276,313.465,1958.9,315.7,316.7,1703.3,246.7,9,8.858,5.94,3.91,326.7,9.82,0.75,6.11,0.78
RFI,344,B,2015,318.97549,61.49183,20,9,19.904,5.9522,34.9551,27.5236,,,8.1262,,2308.2644,,2110.651,307.368,12.3478,306.121,1951.7,306.5,307.5,1692.4,250.5,8.7,8.779,6.03,3.98,317.2,9.35,0.76,5.95,
RFI,344,B,2015,318.97549,61.49183,10,10,11.519,5.9546,34.9548,27.523,,,8.1279,,2310.2744,,2111.901,306.563,12.3297,305.319,1952.3,305.2,306.2,1692.2,251.5,8.7,8.767,6.06,3.99,315.9,9.31,0.735,5.92,
RFI,344,B,2015,318.97549,61.49183,0,11,3.213,5.9538,34.9545,27.5228,,,8.1134,8.1094,2301.6069,2303.7764,2110.395,317.654,12.5341,316.365,1954,317.2,318.2,1700.5,244.4,9,8.88,5.89,3.88,328.2,9.28,0.727,5.94,
RFI,346,B,2015,321.07751,61.50033,1000,1,1014.618,3.7591,34.9019,27.7407,,,8.0375,,2301.5183,,2141.514,342.513,13.7608,341.082,2001,394.5,395.8,1775.7,214,11.2,9.589,5.16,3.4,408.3,16.07,1.096,8.54,
RFI,346,B,2015,321.07751,61.50033,300,4,302.658,4.675,34.9815,27.7006,,,8.0342,8.0415,2302.3523,2305.6826,2148.329,376.427,13.9375,374.874,2003.1,398.1,399.3,1778.6,213.2,11.3,9.61,5.13,3.38,412,16.22,1.092,8.01,
RFI,346,B,2015,321.07751,61.50033,200,6,201.705,4.9464,35.0073,27.6892,,,8.0373,,2308.9976,,2153.122,379.171,13.8716,377.611,2007.1,395.7,396.9,1780.8,215.1,11.2,9.583,5.18,3.41,409.5,16.05,1.077,7.9,
RFI,346,B,2015,321.07751,61.50033,100,7,100.435,5.4759,35.0537,27.662,,,8.0415,,2308.3682,,2148.702,379.787,13.6993,378.236,2003.7,390.7,392,1775.8,216.8,11.1,9.533,5.22,3.44,404.4,15.72,1.058,7.48,0.38
RFI,346,B,2015,321.07751,61.50033,50,8,49.672,5.5872,35.0009,27.6059,,,8.0821,,2308.3477,,2132.04,343.813,13.0766,342.411,1979.4,348.1,349.2,1736.9,232.5,9.9,9.156,5.6,3.69,360.3,11.45,0.888,7.35,3.71
RFI,346,B,2015,321.07751,61.50033,20,9,20.169,6.7696,34.9502,27.4117,,,8.1415,,2312.1816,,2101.148,295.848,11.9328,294.66,1945.2,293.6,294.5,1679.4,257.5,8.3,8.659,6.2,4.09,303.8,7.74,0.677,5.96,
RFI,346,B,2015,321.07751,61.50033,10,10,10.499,6.7689,34.9542,27.4148,,,8.1447,,2308.7502,,2096.566,293.201,11.8873,292.023,1940,290.4,291.3,1673.3,258.5,8.2,8.63,6.22,4.1,300.5,7.63,0.635,5.86,
RFI,346,B,2015,321.07751,61.50033,0,11,4.236,6.7685,34.9549,27.4153,,,8.1196,,2303.4231,,2103.333,312.994,12.2387,311.737,1951.6,311.8,312.8,1695.6,247.2,8.9,8.829,5.95,3.92,322.6,7.55,0.632,5.83,
RFI,348,B,2015,323.17401,61.49933,1000,1,1012.66,3.6443,34.8887,27.7416,,,8.0275,,2290.6299,,2135.928,349.768,13.9406,348.304,1997,403.9,405.2,1776.4,209.2,11.5,9.68,5.04,3.32,418,15.98,1.091,8.37,
RFI,348,B,2015,323.17401,61.49933,300,4,304.235,3.8328,34.9084,27.7329,,,8.0384,,2299.0911,,2149.249,371.031,14.1233,369.483,1998.2,393,394.3,1772.9,214.2,11.2,9.577,5.16,3.4,406.8,16.35,1.103,8.33,
RFI,348,B,2015,323.17401,61.49933,200,6,202.465,3.9383,34.9171,27.7282,,,8.0425,,2299.6819,,2149.033,371.72,14.0831,370.171,1996.2,388.6,389.8,1769.4,215.8,11,9.535,5.2,3.43,402.1,16.47,1.108,8.31,
RFI,348,B,2015,323.17401,61.49933,100,7,102.616,4.3745,34.9263,27.6883,,,8.0516,,2306.3301,,2150.45,368.836,13.8772,367.308,1996.8,379.8,381,1766,220,10.8,9.452,5.3,3.49,393,14.43,1.06,8.63,0.28
RFI,348,B,2015,323.17401,61.49933,50,8,51.958,5.0275,34.9348,27.6209,,,8.0774,,2311.1462,,2140.846,348.179,13.3209,346.749,1985.3,353.5,354.7,1744.6,230.7,10,9.211,5.56,3.66,365.9,11.77,0.916,7.77,0.65
RFI,348,B,2015,323.17401,61.49933,20,9,21.532,6.7051,34.9056,27.3854,,,8.1435,,2309.7107,,2098.616,293.974,11.9263,292.792,1942,291.7,292.6,1675.9,257.9,8.3,8.647,6.21,4.09,301.9,7.13,0.616,5.98,
RFI,348,B,2015,323.17401,61.49933,10,10,11.902,6.7108,34.9086,27.3868,,,8.0887,,2292.2927,,2107.197,337.776,12.6974,336.419,1961.6,339.4,340.5,1718.8,233.1,9.6,9.093,5.62,3.7,351.2,7.01,0.608,5.92,
RFI,348,B,2015,323.17401,61.49933,0,11,4.001,6.7086,34.9087,27.3871,,,8.1023,8.1212,2296.3936,2303.1572,2105.212,326.753,12.5065,325.44,1956.7,326.9,328,1708.4,239.1,9.3,8.977,5.76,3.8,338.3,7.03,0.607,5.92,
RFI,350,B,2015,325.26151,61.501,1000,1,1012.126,3.7122,34.8965,27.7411,,,8.0406,8.0405,2298.9551,2298.6826,2138.178,339.435,13.7228,338.016,1996.9,390.6,391.9,1770.8,214.9,11.1,9.556,5.18,3.41,404.3,15.85,1.091,8.28,
RFI,350,B,2015,325.26151,61.501,300,4,304.093,4.127,34.9319,27.7209,,,8.0352,,2302.845,,2152.129,375.01,14.0907,373.451,2003.3,397.2,398.5,1778.6,213.4,11.3,9.609,5.14,3.39,411.1,16.28,1.108,8.34,
RFI,350,B,2015,325.26151,61.501,200,6,202.543,4.3425,34.9489,27.7106,,,8.0431,,2304.4602,,2150.626,372.269,13.9574,370.726,2000,388.6,389.9,1772.3,216.6,11,9.529,5.22,3.44,402.2,16.39,1.111,8.35,
RFI,350,B,2015,325.26151,61.501,100,7,100.944,5.0245,34.9758,27.6542,,,8.0465,,2308.0986,,2149.743,374.599,13.7659,373.06,2001,385.4,386.7,1771.7,218.4,10.9,9.496,5.26,3.47,398.9,15.15,1.045,7.93,0.05
RFI,350,B,2015,325.26151,61.501,50,8,50.914,5.9328,34.9757,27.5427,,,8.0767,,2308.2864,,2132.015,348.931,13.072,347.514,1982.9,353.6,354.8,1742.5,230.3,10,9.209,5.54,3.65,366,12.13,0.881,7.2,0.47
RFI,350,B,2015,325.26151,61.501,20,9,21.122,6.8039,34.9584,27.4135,,,8.0966,,2302.2947,,2112.088,331.865,12.5543,330.533,1965.2,333.1,334.2,1718.2,237.6,9.5,9.026,5.72,3.77,344.7,9.07,0.662,2.58,
RFI,350,B,2015,325.26151,61.501,10,10,9.275,6.8307,34.9604,27.4112,2353.3101,,8.0914,,,,,,,,,,,,,,,,,,9.03,0.656,2.41,
RFI,350,B,2015,325.26151,61.501,0,11,2.777,6.8264,34.9591,27.4107,2359.03,,8.1009,,,,,,,,,,,,,,,,,,8.98,0.775,2.61,
RFI,352,B,2015,327.362,61.50134,1000,1,1013.402,3.9459,34.9211,27.7371,2360.1101,,8.0439,,2302.8333,,2138.872,337.281,13.604,335.875,1998.2,387.6,388.8,1770.6,216.7,11,9.524,5.22,3.44,401.1,16.54,1.127,9.17,
RFI,352,B,2015,327.362,61.50134,300,4,303.829,5.3836,35.0257,27.653,2369.1699,,8.0357,,2311.5088,,2151.655,377.046,13.7168,375.504,2010.2,397.9,399.1,1784.1,214.8,11.3,9.598,5.17,3.41,411.7,16.25,1.102,8.15,
RFI,352,B,2015,327.362,61.50134,200,6,201.454,5.8322,35.0599,27.6237,2368.8201,,8.0399,,2311.1299,,2148.043,377.677,13.5728,376.142,2007.1,393,394.2,1779.5,216.5,11.2,9.551,5.21,3.43,406.7,15.24,1.051,7.47,
RFI,352,B,2015,327.362,61.50134,100,7,102.554,6.1456,35.0444,27.5702,2368.6101,,8.0427,,2310.9446,,2146.255,379.527,13.5001,377.99,2005.4,389.9,391.1,1776.8,217.5,11.1,9.525,5.23,3.45,403.5,13.71,0.994,7.09,0.23
RFI,352,B,2015,327.362,61.50134,50,8,52.022,7.3937,35.0578,27.4093,2370.8999,,8.1365,,2313.1418,,2098.434,298.758,11.8141,297.568,1948.4,297.7,298.7,1684.1,255.9,8.5,8.686,6.16,4.06,308.1,8.24,0.529,0.22,0.54
RFI,352,B,2015,327.362,61.50134,20,9,21.574,7.4257,35.0616,27.4072,2372.0701,,8.1422,,2314.2629,,2097.029,295.423,11.7433,294.247,1945.6,292.9,293.9,1678.8,258.5,8.3,8.641,6.22,4.1,303.1,7.79,0.513,0.1,
RFI,352,B,2015,327.362,61.50134,10,10,11.362,7.4247,35.0618,27.4074,2365.8101,,8.1146,,2308.197,,2104.523,317.576,12.1262,316.311,1958.2,316.7,317.7,1703.1,246.1,9,8.862,5.92,3.9,327.7,7.79,0.512,0.1,
RFI,352,B,2015,327.362,61.50134,0,11,3.504,7.4235,35.0617,27.4074,2360.6499,2367.6499,8.0988,8.114,2309.9714,2303.1433,2113.585,331.771,12.3604,330.451,1969.9,331.8,332.8,1720.7,239.7,9.4,8.999,5.77,3.8,343.4,7.13,0.486,0.1,
RFI,354,B,2015,329.45715,61.5015,1000,1,1016.351,3.8984,34.9497,27.7648,,,8.0446,,2300.5974,,2136.571,336.104,13.5933,334.703,1995.6,386.3,387.5,1767.8,216.8,11,9.51,5.22,3.44,399.8,16.75,1.14,10.11,
RFI,354,B,2015,329.45715,61.5015,300,4,301.514,4.6377,34.9664,27.6928,,,8.0359,,2307.3491,,2152.766,375.654,13.9336,374.103,2006.7,397.1,398.4,1781.2,214.2,11.3,9.601,5.16,3.4,411,16.71,1.125,8.75,
RFI,354,B,2015,329.45715,61.5015,200,6,201.323,4.9052,34.9852,27.6764,,,8.0346,,2304.1934,,2149.985,381.043,13.9246,379.475,2004.5,397.9,399.2,1779.7,213.5,11.3,9.608,5.14,3.39,411.8,16.36,1.104,8.25,
RFI,354,B,2015,329.45715,61.5015,100,7,101.689,5.3757,34.9958,27.6283,,,8.0478,,2307.8887,,2146.594,373.528,13.6411,372.001,1999.9,383.9,385.1,1770.1,219,10.9,9.48,5.27,3.47,397.3,14.81,1.046,7.87,0.07
RFI,354,B,2015,329.45715,61.5015,50,8,48.993,7.0527,35.0193,27.4273,,,8.1048,,2307.5894,,2110.792,324.413,12.35,323.115,1964.3,325.9,326.9,1713.2,241.8,9.3,8.951,5.82,3.84,337.2,8.89,0.592,1.07,0.49
RFI,354,B,2015,329.45715,61.5015,20,9,21.243,7.0619,35.0249,27.4301,,,8.1183,,2311.2134,,2108.402,314.492,12.1709,313.234,1958.8,313.8,314.8,1702.1,247.8,8.9,8.838,5.96,3.93,324.8,8.14,0.575,0.84,
RFI,354,B,2015,329.45715,61.5015,10,10,8.684,7.0642,35.025,27.4297,,,,,,,,,,,,,,,,,,,,,,,,
RFI,354,B,2015,329.45715,61.5015,0,11,3.451,7.0632,35.0248,27.4296,,,8.1222,,2310.9434,,2106.641,311.853,12.1234,310.606,1956,310.2,311.2,1697.8,249.4,8.8,8.806,6,3.96,321.1,8.71,0.591,0.87,
RFI,357,B,2015,331.79916,64.486,1000,1,1012.055,4.1726,34.9317,27.722,,,8.0374,,2301.4871,,2138.725,343.11,13.6401,341.684,2000.8,394.5,395.8,1775.5,214.1,11.2,9.585,5.16,3.4,408.3,16.58,1.126,8.98,
RFI,357,B,2015,331.79916,64.486,300,4,301.124,6.7738,35.151,27.5731,,,8.0415,,2314.9932,,2142.712,372.986,13.2197,371.488,2009,391.5,392.8,1780,217.8,11.1,9.525,5.24,3.45,405.2,14.87,0.985,6.82,
RFI,357,B,2015,331.79916,64.486,200,6,201.777,6.7282,35.1312,27.5623,,,8.0408,,2311.8167,,2141.974,377.46,13.2963,375.943,2006.6,391.8,393.1,1778.4,217.1,11.1,9.531,5.22,3.44,405.5,14.82,1.001,6.81,
RFI,357,B,2015,331.79916,64.486,100,7,103.952,6.9323,35.1439,27.543,,,8.0435,,2314.2563,,2143.268,379.599,13.2525,378.078,2007.1,389.2,390.4,1777.6,218.5,11,9.505,5.25,3.46,402.8,14.45,0.982,6.54,0.08
RFI,357,B,2015,331.79916,64.486,50,8,50.694,7.6632,35.1218,27.4205,,,8.1212,,2316.2896,,2106.227,311.66,11.9532,310.423,1960.6,311.6,312.6,1701.8,250,8.8,8.806,6.01,3.96,322.5,8.41,0.61,1.17,0.53
RFI,357,B,2015,331.79916,64.486,20,9,20.379,7.6727,35.1222,27.4189,,,8.1056,,2307.3162,,2105.505,324.753,12.1739,323.464,1962.7,324.7,325.8,1711,242.5,9.2,8.929,5.83,3.84,336.1,8.35,0.622,1.14,
RFI,357,B,2015,331.79916,64.486,10,10,11.343,7.6723,35.1223,27.4189,,,,,,,,,,,,,,,,,,,,,8.33,0.626,1.17,
RFI,357,B,2015,331.79916,64.486,0,11,3.494,7.6715,35.1217,27.4184,,,8.1199,,2315.1982,,2106.574,314.323,11.9911,313.075,1960.5,312.6,313.6,1702.3,249.3,8.9,8.816,6,3.95,323.5,8.37,0.62,1.15,
