Cruise,Station,Type,yyyy-mm-ddThh:mm:ss.sss,Longitude [degrees_east],Latitude [degrees_north],QF,sample ID,QF,Time [UTC],QF,Nominal Depth [m],QF,Sample Type,QF,Cast,QF,Niskin Bottle,QF,Comments,QF,Pressure [db],QF,T [C],QF,SAL,QF,Sigma,QF,TA [umol/l],QF,TA [Reps],QF,pH,QF,Analysis Date/File Number,QF,pH [in situ],QF,pH reps,QF,TA [UMOL/KG],QF,TA DUPLICATE [UMOL/KG],QF,"DIC(P,T,ALK,pH) [~$m~#mol/kg]:DOUBLE",QF,"pCO~_2(P,T,ALK,pH) [~$m~#Atm]:DOUBLE",QF,"Revelle Factor(P,T,ALK,pH):DOUBLE",QF,fCO~_2 (pCO~_2) [~$m~#Atm]:DOUBLE,QF,QV:ODV:SAMPLE,,TCO2 in (mmol/kgSW),fCO2 in (matm),pCO2 in (matm),HCO3 in (mmol/kgSW),CO3 in (mmol/kgSW),CO2 in (mmol/kgSW),Revelle in,WCa in,WAr in,xCO2 in (dry at 1 atm) (ppm)
RFI,284,B,2015,330.92468,64.74583,1,,1,,1,1000,1,,1,1,1,1,1,,1,1012.361,1,4.0441,1,34.9216,1,27.7274,1,,1,,1,,1,,1,8.0388,1,,1,2303.0083,1,,1,2140.493,1,341.96,1,13.6587,1,340.537,1,1,,2001.4,393.2,394.5,1775.5,214.7,11.2,9.575,5.17,3.41,407.0
RFI,284,B,2015,,,1,,1,,1,300,1,,1,,1,2,1,,1,303.422,1,6.1627,1,35.1144,1,27.6256,1,,1,,1,,1,,1,8.045,1,8.0435,1,2316.2058,1,2315.9292,1,2146.672,1,369.289,1,13.3408,1,367.794,1,1,,2008.2,388.0,389.2,1778.1,219.1,11.0,9.497,5.27,3.47,401.5
RFI,284,B,2015,,,1,-999,1,,1,200,1,,1,,1,,1,,1,202.165,1,6.3644,1,35.131,1,27.6111,1,,1,,1,,1,,1,,1,,1,,1,,1,,1,,1,,1,,1,1,,,,,,,,,,,
RFI,284,B,2015,,,1,,1,,1,100,1,,1,,1,4,1,,1,100.286,1,6.6202,1,35.129,1,27.574,1,,1,,1,,1,,1,8.0627,1,,1,2317.3999,1,,1,2140.334,1,361.465,1,13.052,1,360.01,1,1,,1998.5,369.1,370.2,1761.8,226.2,10.5,9.326,5.44,3.59,382.0
RFI,284,B,2015,,,1,,1,,1,50,1,,1,,1,6,1,,1,51.588,1,6.7293,1,35.1287,1,27.5584,1,,1,,1,,1,,1,8.0586,1,,1,2316.606,1,,1,2141.376,1,367.384,1,13.1104,1,365.908,1,1,,2000.3,373.3,374.5,1765.1,224.5,10.6,9.364,5.40,3.56,386.3
RFI,284,B,2015,,,1,,1,,1,20,1,,1,,1,7,1,,1,20.652,1,6.8186,1,35.1293,1,27.5462,1,,1,,1,,1,,1,8.0596,1,,1,2315.7954,1,,1,2140.057,1,367.662,1,13.0863,1,366.187,1,1,,1998.9,372.1,373.3,1763.5,224.8,10.6,9.354,5.41,3.56,385.1
RFI,284,B,2015,,,1,,1,,1,10,1,,1,,1,8,1,,1,9.345,1,6.8223,1,35.1295,1,27.5457,1,,1,,1,,1,,1,8.0638,1,,1,2315.8311,1,,1,2138.44,1,364.118,1,13.0272,1,362.657,1,1,,1996.4,367.6436768,368.8200684,1759.4,226.5,10.4,9.314,5.45,3.59,380.5
RFI,284,B,2015,,,1,,1,,1,0,1,,1,,1,9,1,,1,4.045,1,6.821,1,35.1294,1,27.5457,1,,1,,1,,1,,1,8.0608,1,,1,2317.3894,1,,1,2141.308,1,367.475,1,13.0785,1,366.001,1,1,,1999.6,371.0701599,372.2574768,1763.6,225.5,10.5,9.344,5.42,3.57,384.0
RFI,285,B,2015,328.87817,64.75066,1,,1,,1,1000,1,,1,,1,1,1,,1,1013.641,1,4.0512,1,34.9167,1,27.7227,1,,1,,1,,1,,1,8.0451,1,,1,2307.2329,1,,1,2141.907,1,337.004,1,13.5639,1,335.602,1,1,,2001.5,387.0,388.3,1773.0,217.6,11.0,9.518,5.24,3.45,400.6
RFI,285,B,2015,,,1,,1,,1,300,1,,1,,1,4,1,,1,302.106,1,5.8,1,35.0799,1,27.6446,1,,1,,1,,1,,1,8.0434,1,,1,2313.8533,1,,1,2147.727,1,370.277,1,13.4708,1,368.771,1,1,,2007.3,389.5,390.7,1778.1,218.2,11.1,9.516,5.25,3.46,403.1
RFI,285,B,2015,,,1,,1,,1,200,1,,1,,1,6,1,,1,201.462,1,6.0629,1,35.1045,1,27.6295,1,,1,,1,,1,,1,8.0455,1,8.0462,1,2316.636,1,2313.8594,1,2149.211,1,373.208,1,13.4188,1,371.695,1,1,,2008.4,387.6,388.8,1778.1,219.3,11.0,9.494,5.28,3.48,401.1
RFI,285,B,2015,,,1,,1,,1,100,1,,1,,1,7,1,,1,100.6,1,6.2553,1,35.1137,1,27.6106,1,,1,,1,,1,,1,8.0539,1,,1,2318.8748,1,,1,2148.069,1,369.904,1,13.2916,1,368.408,1,1,,2005.3,378.8,380.0,1771.7,222.9,10.7,9.414,5.36,3.53,392.0
RFI,285,B,2015,,,1,,1,,1,50,1,,1,,1,8,1,,1,50.045,1,6.4685,1,35.1051,1,27.575,1,,1,,1,,1,,1,8.0515,1,,1,2311.2825,1,,1,2141.253,1,373.334,1,13.2885,1,371.829,1,1,,1999.9,380.1,381.3,1768.0,221.1,10.8,9.430,5.32,3.51,393.4
RFI,285,B,2015,,,1,,1,,1,20,1,,1,,1,9,1,,1,19.227,1,6.627,1,35.1015,1,27.5504,1,,1,,1,,1,,1,8.0692,1,,1,2316.9841,1,,1,2138.547,1,358.713,1,13.0003,1,357.27,1,1,,1994.3,362.3,363.5,1755.4,228.7,10.3,9.269,5.50,3.63,374.9
RFI,285,B,2015,,,1,,1,,1,10,1,,1,,1,10,1,,1,11.573,1,6.6276,1,35.102,1,27.5506,1,,1,,1,,1,,1,8.0403,1,,1,2306.3506,1,,1,2140.796,1,385.408,1,13.4329,1,383.857,1,1,,2002.2,391.5,392.8,1774.8,216.3,11.1,9.535,5.20,3.43,405.2
RFI,285,B,2015,,,1,,1,,1,0,1,,1,,1,11,1,,1,5.408,1,6.6262,1,35.1018,1,27.5506,1,,1,,1,,1,,1,8.0483,1,,1,2310.0859,1,,1,2141.119,1,378.341,1,13.3183,1,376.819,1,1,,2000.8,383.4,384.6,1770.2,219.8,10.9,9.461,5.29,3.48,396.7
RFI,288,B,2015,326.03534,64.7495,1,,1,,1,1000,1,,1,,1,1,1,,1,1012.276,1,3.0329,1,34.9357,1,27.8373,1,,1,,1,,1,,1,8.0662,1,8.0676,1,2305.7056,1,2307.7334,1,2138.43,1,317.728,1,13.5051,1,316.387,1,1,,1987.3,364.1,365.3,1751.3,225.7,10.3,9.310,5.44,3.58,376.9
RFI,288,B,2015,,,1,-999,1,,1,300,1,,1,,1,,1,,1,303.138,1,5.2916,1,35.0337,1,27.6704,1,,1,,1,,1,,1,,1,,1,,1,,1,,1,,1,,1,,1,1,,,,,,,,,,,
RFI,288,B,2015,,,1,,1,,1,200,1,,1,,1,6,1,,1,201.915,1,5.6361,1,35.0615,1,27.6494,1,,1,,1,,1,,1,8.0312,1,,1,2306.1218,1,,1,2148.087,1,385.253,1,13.7561,1,383.683,1,1,,2007.7,401.8,403.1,1783.6,212.7,11.4,9.632,5.12,3.37,415.9
RFI,288,B,2015,,,1,,1,,1,100,1,,1,,1,7,1,,1,101.362,1,5.9098,1,35.0666,1,27.6181,1,,1,,1,,1,,1,8.0632,1,,1,2314.8455,1,,1,2142.878,1,360.199,1,13.2465,1,358.736,1,1,,1996.3,368.3,369.5,1760.0,225.9,10.5,9.328,5.44,3.58,381.2
RFI,288,B,2015,,,1,,1,,1,50,1,,1,,1,8,1,,1,51.259,1,6.1759,1,35.0739,1,27.589,1,,1,,1,,1,,1,8.0906,1,,1,2320.6094,1,,1,2135.445,1,338.172,1,12.7909,1,336.803,1,1,,1984.5,341.3,342.4,1737.2,237.6,9.7,9.081,5.72,3.77,353.3
RFI,288,B,2015,,,1,-999,1,,1,20,1,,1,,1,,1,,1,20.242,1,6.315,1,35.0732,1,27.5698,1,,1,,1,,1,,1,,1,,1,,1,,1,,1,,1,,1,,1,1,,,,,,,,,,,
RFI,288,B,2015,,,1,-999,1,,1,10,1,,1,,1,,1,,1,9.613,1,6.5292,1,35.0766,1,27.5439,1,,1,,1,,1,,1,,1,,1,,1,,1,,1,,1,,1,,1,1,,,,,,,,,,,
RFI,288,B,2015,,,1,-999,1,,1,0,1,,1,,1,,1,,1,3.785,1,6.5305,1,35.0771,1,27.544,1,,1,,1,,1,,1,,1,,1,,1,,1,,1,,1,,1,,1,1,,,,,,,,,,,
RFI,290,B,2015,324.05682,63.7755,1,,1,,1,1000,1,,1,,1,1,1,,1,1013.593,1,3.9544,1,34.9219,1,27.7369,1,,1,,1,,1,,1,8.0271,1,,1,2306.6809,1,,1,2149.303,1,352.924,1,13.8769,1,351.454,1,1,,2011.6,407.1,408.5,1789.4,210.7,11.6,9.696,5.07,3.34,421.4
RFI,290,B,2015,,,1,,1,,1,300,1,,1,,1,4,1,,1,304.018,1,5.0332,1,35.0115,1,27.6834,1,,1,,1,,1,,1,8.0417,1,,1,2308.9443,1,,1,2149.12,1,370.485,1,13.719,1,368.963,1,1,,2004.4,390.7,392.0,1776.5,216.8,11.1,9.538,5.22,3.44,404.4
RFI,290,B,2015,,,1,,1,,1,200,1,,1,,1,6,1,,1,202.459,1,5.384,1,35.0346,1,27.659,1,,1,,1,,1,,1,8.0497,1,8.0448,1,2310.9302,1,2310.3132,1,2146.893,1,367.764,1,13.5482,1,366.261,1,1,,2001.2,382.2,383.5,1770.3,220.1,10.9,9.458,5.30,3.49,395.6
RFI,290,B,2015,,,1,,1,,1,100,1,,1,,1,7,1,,1,101.296,1,5.6826,1,35.0505,1,27.6339,1,,1,,1,,1,,1,8.0483,1,,1,2308.0632,1,,1,2144.256,1,373.22,1,13.5346,1,371.7,1,1,,1999.4,383.2,384.4,1769.1,219.4,10.9,9.466,5.28,3.48,396.6
RFI,290,B,2015,,,1,,1,,1,50,1,,1,,1,8,1,,1,51.214,1,6.1627,1,35.0533,1,27.5745,1,,1,,1,,1,,1,8.0957,1,,1,2310.3567,1,,1,2123.687,1,332.175,1,12.7075,1,330.83,1,1,,1972.2,334.9,335.9,1724.2,238.5,9.5,9.028,5.74,3.78,346.6
RFI,290,B,2015,,,1,,1,,1,20,1,,1,,1,9,1,,1,20.435,1,6.3495,1,35.0538,1,27.5499,1,,1,,1,,1,,1,8.1192,1,,1,2312.2063,1,,1,2114.058,1,313.608,1,12.3316,1,312.341,1,1,,1958.9,313.0,314.0,1701.6,248.4,8.9,8.828,5.98,3.94,324.0
RFI,290,B,2015,,,1,,1,,1,10,1,,1,,1,10,1,,1,10.27,1,6.7334,1,35.0492,1,27.4946,1,,1,,1,,1,,1,8.0247,1,,1,2278.229,1,,1,2119.933,1,396.63,1,13.6172,1,395.037,1,1,,1986.2,404.2,405.5,1767.2,207.5,11.5,9.669,4.99,3.29,418.3
RFI,290,B,2015,,,1,,1,,1,0,1,,1,,1,11,1,,1,2.542,1,6.7357,1,35.0508,1,27.4954,1,,1,,1,,1,,1,8.1369,1,,1,2313.5557,1,,1,2104.578,1,300.098,1,11.9939,1,298.892,1,1,,1948.6,297.5,298.4,1684.0,256.1,8.4,8.684,6.16,4.06,307.8
RFI,292,B,2015,326.22333,63.754,1,,1,,1,1000,1,,1,,1,1,1,,1,1011.908,1,3.8765,1,34.9066,1,27.7326,1,,1,,1,,1,,1,8.047,1,8.0492,1,2302.7371,1,2303.3586,1,2138.062,1,334.569,1,13.5784,1,333.173,1,1,,1996.4,384.2,385.4,1767.7,217.8,10.9,9.496,5.25,3.46,397.6
RFI,292,B,2015,,,1,,1,,1,300,1,,1,,1,4,1,,1,303.934,1,4.9848,1,35.0082,1,27.6864,1,,1,,1,,1,,1,8.0432,1,,1,2307.5962,1,,1,2147.555,1,368.789,1,13.7075,1,367.273,1,1,,2002.3,388.9,390.1,1774.1,217.2,11.0,9.522,5.23,3.45,402.4
RFI,292,B,2015,,,1,-999,1,,1,200,1,,1,,1,6,1,,1,203.263,1,5.2787,1,35.0354,1,27.6724,1,,1,,1,,1,,1,,1,,1,,1,,1,,1,,1,,1,,1,1,,,,,,,,,,,
RFI,292,B,2015,,,1,,1,,1,100,1,,1,,1,7,1,,1,101.456,1,5.6646,1,35.0627,1,27.6458,1,,1,,1,,1,,1,8.0489,1,,1,2312.9563,1,,1,2148.736,1,373.4,1,13.5347,1,371.879,1,1,,2003.3,383.3,384.6,1772.3,220.1,10.9,9.464,5.30,3.49,396.7
RFI,292,B,2015,,,1,,1,,1,50,1,,1,,1,8,1,,1,50.562,1,6.2001,1,35.043,1,27.5614,1,2368.1201,1,,1,,1,,1,8.1046,1,,1,2310.6411,1,,1,2119.805,1,324.562,1,12.5686,1,323.249,1,1,,1966.9,326.4,327.5,1715.5,242.1,9.3,8.952,5.83,3.84,337.8
RFI,292,B,2015,,,1,,1,,1,20,1,,1,,1,9,1,,1,20.125,1,6.4575,1,35.0279,1,27.5151,1,2368.3201,1,,1,,1,,1,8.137,1,,1,2310.2539,1,,1,2103.362,1,298.929,1,12.0524,1,297.724,1,1,,1945.8,297.0,297.9,1681.7,255.6,8.4,8.683,6.15,4.06,307.4
RFI,292,B,2015,,,1,,1,,1,10,1,,1,,1,10,1,,1,10.274,1,6.4568,1,35.0163,1,27.5059,1,2367.8601,1,,1,,1,,1,8.1209,1,,1,2309.9294,1,,1,2110.727,1,312.366,1,12.2904,1,311.107,1,1,,1956.1,311.3,312.3,1698.5,248.7,8.8,8.817,5.99,3.95,322.2
RFI,292,B,2015,,,1,,1,,1,0,1,,1,,1,11,1,,1,2.433,1,6.4566,1,35.0166,1,27.5061,1,2369.02,1,,1,,1,,1,8.1224,1,,1,2310.9978,1,,1,2111.183,1,311.558,1,12.2742,1,310.302,1,1,,1956.0,310.1,311.1,1697.7,249.5,8.8,8.805,6.00,3.96,320.9
RFI,294,B,2015,328.48483,63.75383,1,,1,,1,1000,1,,1,,1,1,1,,1,1013.041,1,3.9545,1,34.9111,1,27.7282,1,2360.3,1,2360.9199,1,,1,,1,8.0425,1,8.0422,1,2303.3713,1,2303.9163,1,2139.958,1,338.637,1,13.6276,1,337.226,1,1,,1999.6,389.3,390.5,1772.4,216.2,11.1,9.540,5.21,3.43,402.8
RFI,294,B,2015,,,1,,1,,1,300,1,,1,,1,4,1,,1,303.965,1,5.0931,1,35.018,1,27.6816,1,2363.6299,1,,1,,1,,1,8.0436,1,,1,2306.4412,1,,1,2145.528,1,368.294,1,13.6665,1,366.782,1,1,,2001.0,388.2,389.4,1772.7,217.3,11.0,9.516,5.23,3.45,401.7
RFI,294,B,2015,,,1,,1,,1,200,1,,1,,1,6,1,,1,202.424,1,5.3572,1,35.0422,1,27.6683,1,2363.1899,1,,1,,1,,1,8.0456,1,,1,2305.929,1,,1,2143.944,1,370.845,1,13.6104,1,369.327,1,1,,1999.1,385.8,387.0,1770.1,218.1,11.0,9.492,5.25,3.46,399.3
RFI,294,B,2015,,,1,,1,,1,100,1,,1,,1,7,1,,1,101.37,1,5.5321,1,35.0433,1,27.6468,1,2367.29,1,,1,,1,,1,8.044,1,,1,2309.9487,1,,1,2148.857,1,377.624,1,13.6488,1,376.083,1,1,,2003.7,388.3,389.5,1774.8,217.9,11.0,9.512,5.24,3.46,401.8
RFI,294,B,2015,,,1,,1,,1,50,1,,1,,1,8,1,,1,50.956,1,6.1884,1,35.0552,1,27.5726,1,2369.75,1,,1,,1,,1,8.0662,1,,1,2312.3149,1,,1,2138.156,1,359.297,1,13.151,1,357.843,1,1,,1992.3,364.8,366.0,1755.1,226.8,10.4,9.299,5.46,3.60,377.6
RFI,294,B,2015,,,1,,1,,1,20,1,,1,,1,9,1,,1,20.785,1,6.6018,1,35.0529,1,27.5155,1,2366.97,1,,1,,1,,1,8.0839,1,,1,2309.613,1,,1,2125.561,1,344.006,1,12.7845,1,342.622,1,1,,1979.0,346.3,347.4,1735.5,233.6,9.8,9.133,5.62,3.71,358.4
RFI,294,B,2015,,,1,,1,,1,10,1,,1,,1,10,1,,1,10.876,1,6.793,1,35.0532,1,27.4896,1,2368.8601,1,,1,,1,,1,8.0811,1,,1,2311.45,1,,1,2127.341,1,347.337,1,12.7843,1,345.942,1,1,,1982.4,349.4,350.5,1739.8,232.7,9.9,9.160,5.60,3.69,361.6
RFI,294,B,2015,,,1,,1,,1,0,1,,1,,1,11,1,,1,3.88,1,6.7939,1,35.0539,1,27.4899,1,2366.4199,1,,1,,1,,1,8.0802,1,,1,2309.0747,1,,1,2125.588,1,348.075,1,12.7976,1,346.678,1,1,,1980.8,349.9,351.1,1738.8,232.1,9.9,9.166,5.58,3.68,362.2
RFI,296,B,2015,330.63651,63.75417,1,,1,,1,1000,1,,1,,1,1,1,,1,1014.821,1,3.9788,1,34.9342,1,27.7441,1,2360.8101,1,,1,,1,,1,8.0402,1,,1,2303.811,1,,1,2141.015,1,340.643,1,13.6512,1,339.224,1,1,,2001.2,391.8,393.0,1774.7,215.4,11.1,9.560,5.19,3.42,405.5
RFI,296,B,2015,,,1,,1,,1,300,1,,1,,1,4,1,,1,303.286,1,5.4476,1,35.0473,1,27.6624,1,2368.1499,1,,1,,1,,1,8.0431,1,,1,2310.8088,1,,1,2147.432,1,369.778,1,13.5756,1,368.267,1,1,,2005.0,389.4,390.6,1776.3,217.6,11.1,9.521,5.24,3.45,403.0
RFI,296,B,2015,,,1,,1,,1,200,1,,1,,1,6,1,,1,202.163,1,5.6548,1,35.066,1,27.6507,1,2369.75,1,2368.49,1,,1,,1,8.0464,1,8.0466,1,2311.0879,1,2312.3035,1,2146.453,1,371.137,1,13.5176,1,369.625,1,1,,2003.1,385.7,387.0,1773.2,219.0,10.9,9.486,5.27,3.47,399.2
RFI,296,B,2015,,,1,,1,,1,100,1,,1,,1,7,1,,1,100.707,1,6.2889,1,35.0732,1,27.5742,1,2368.8601,1,,1,,1,,1,8.0601,1,,1,2311.3811,1,,1,2138.283,1,362.853,1,13.1852,1,361.386,1,1,,1995.1,371.0,372.2,1760.1,224.4,10.5,9.353,5.40,3.56,384.0
RFI,296,B,2015,,,1,,1,,1,50,1,,1,,1,8,1,,1,50.798,1,6.3461,1,35.0737,1,27.5664,1,2366.47,1,,1,,1,,1,8.0684,1,,1,2309.062,1,,1,2132.943,1,356.779,1,13.0654,1,355.339,1,1,,1987.9,361.9,363.1,1750.2,227.4,10.3,9.272,5.47,3.61,374.6
RFI,296,B,2015,,,1,,1,,1,20,1,,1,,1,9,1,,1,20.355,1,6.6696,1,35.0795,1,27.5273,1,2370.3301,1,,1,,1,,1,8.0765,1,,1,2312.521,1,,1,2130.941,1,351.224,1,12.8763,1,349.812,1,1,,1986.0,354.2,355.3,1744.9,231.0,10.1,9.200,5.56,3.66,366.5
RFI,296,B,2015,,,1,,1,,1,10,1,,1,,1,10,1,,1,10.204,1,6.8396,1,35.082,1,27.5059,1,2367.1101,1,,1,,1,,1,8.0734,1,,1,2309.6653,1,,1,2128.543,1,354.156,1,12.8788,1,352.735,1,1,,1985.3,356.8,358.0,1745.7,229.5,10.1,9.225,5.52,3.64,369.3
RFI,296,B,2015,,,1,,1,,1,0,1,,1,,1,11,1,,1,2.532,1,6.8383,1,35.0827,1,27.5064,1,2367.1201,1,,1,,1,,1,8.0761,1,,1,2309.6531,1,,1,2127.485,1,351.958,1,12.8422,1,350.546,1,1,,1983.6,354.1,355.2,1743.0,230.6,10.0,9.200,5.55,3.66,366.5
RFI,299,B,2015,332.82666,63.75134,1,,1,,1,1000,1,,1,,1,1,1,,1,1012.607,1,4.2238,1,34.9616,1,27.7404,1,2366.46,1,,1,,1,,1,8.0399,1,,1,2309.2363,1,,1,2144.612,1,342.04,1,13.5908,1,340.62,1,1,,2006.1,393.0,394.2,1779.0,215.9,11.2,9.564,5.20,3.43,406.7
RFI,299,B,2015,,,1,,1,,1,300,1,,1,,1,4,1,,1,303.66,1,6.1928,1,35.0972,1,27.6081,1,2368,1,,1,,1,,1,8.0389,1,,1,2310.5149,1,,1,2143.682,1,374.322,1,13.4229,1,372.807,1,1,,2006.8,393.8,395.1,1779.5,216.2,11.2,9.554,5.20,3.43,407.6
RFI,299,B,2015,,,1,,1,,1,200,1,,1,,1,6,1,,1,202.686,1,6.3034,1,35.0924,1,27.5887,1,2371.5701,1,,1,,1,,1,8.0532,1,,1,2313.7505,1,,1,2141.637,1,365.466,1,13.2317,1,363.99,1,1,,2001.2,378.7,379.9,1768.5,222.0,10.7,9.418,5.34,3.52,391.9
RFI,299,B,2015,,,1,,1,,1,100,1,,1,,1,7,1,,1,101.372,1,6.8323,1,35.126,1,27.5427,1,2371.72,1,,1,,1,,1,8.0599,1,,1,2313.8254,1,,1,2136.674,1,363.649,1,13.0329,1,362.19,1,1,,1997.0,371.4,372.6,1761.7,224.8,10.5,9.349,5.40,3.56,384.4
RFI,299,B,2015,,,1,,1,,1,50,1,,1,,1,8,1,,1,51.1,1,7.0162,1,35.1277,1,27.5179,1,2370.1899,1,,1,,1,,1,8.0941,1,,1,2312.323,1,,1,2119.722,1,334.116,1,12.4962,1,332.778,1,1,,1974.4,336.5,337.5,1726.5,238.3,9.5,9.034,5.73,3.78,348.2
RFI,299,B,2015,,,1,,1,,1,20,1,,1,,1,9,1,,1,20.741,1,7.3001,1,35.1309,1,27.4799,1,2377.48,1,,1,,1,,1,8.1361,1,8.1333,1,2319.366,1,,1,2105.304,1,300.841,1,11.8498,1,299.641,1,1,,1953.6,298.7,299.6,1688.3,256.7,8.5,8.686,6.17,4.07,309.1
RFI,299,B,2015,,,1,,1,,1,10,1,,1,,1,10,1,,1,10.775,1,7.5699,1,35.1346,1,27.4436,1,2377.1699,1,,1,,1,,1,8.1488,1,,1,2317.259,1,,1,2095.274,1,290.856,1,11.6129,1,289.701,1,1,,1943.2,287.5,288.4,1673.1,262.0,8.2,8.583,6.30,4.15,297.5
RFI,299,B,2015,,,1,,1,,1,0,1,,1,,1,11,1,,1,2.588,1,7.5696,1,35.1355,1,27.4443,1,2375.0601,1,,1,,1,,1,8.1508,1,,1,2317.0676,1,,1,2094.266,1,289.546,1,11.5893,1,288.396,1,1,,1941.7,285.7,286.6,1670.8,262.8,8.1,8.567,6.32,4.17,295.7
RFI,300,B,2015,333.75665,63.2525,1,,1,,1,1000,1,,1,,1,1,1,,1,1013.301,1,4.7121,1,34.9855,1,27.7063,1,2365.29,1,,1,,1,,1,,1,,1,2310.2085,1,,1,,1,,1,,1,,1,1,,,,,,,,,,,
RFI,300,B,2015,,,1,,1,,1,300,1,,1,,1,4,1,,1,303.075,1,6.5217,1,35.1278,1,27.5888,1,2372.77,1,,1,,1,,1,,1,,1,2317.2847,1,,1,,1,,1,,1,,1,1,,,,,,,,,,,
RFI,300,B,2015,,,1,,1,,1,200,1,,1,,1,6,1,,1,202.194,1,6.7044,1,35.1405,1,27.5729,1,2371.1201,1,,1,,1,,1,,1,,1,2315.6377,1,,1,,1,,1,,1,,1,1,,,,,,,,,,,
RFI,300,B,2015,,,1,,1,,1,100,1,,1,,1,7,1,,1,101.641,1,6.9666,1,35.1462,1,27.54,1,2369.3301,1,,1,,1,,1,,1,,1,2313.9353,1,,1,,1,,1,,1,,1,1,,,,,,,,,,,
RFI,300,B,2015,,,1,,1,,1,50,1,,1,,1,8,1,,1,50.288,1,7.2063,1,35.1546,1,27.5123,1,2366.4199,1,,1,,1,,1,,1,,1,2311.0859,1,,1,,1,,1,,1,,1,1,,,,,,,,,,,
RFI,300,B,2015,,,1,,1,,1,20,1,,1,,1,9,1,,1,19.907,1,7.8865,1,35.1514,1,27.4102,1,2375.3401,1,,1,,1,,1,,1,,1,2319.8933,1,,1,,1,,1,,1,,1,1,,,,,,,,,,,
RFI,300,B,2015,,,1,,1,,1,10,1,,1,,1,10,1,,1,10.287,1,8.1038,1,35.1521,1,27.3778,1,2341.23,1,,1,,1,,1,,1,,1,2286.606,1,,1,,1,,1,,1,,1,1,,,,,,,,,,,
RFI,300,B,2015,,,1,,1,,1,0,1,,1,,1,11,1,,1,3.378,1,8.0966,1,35.153,1,27.3796,1,2335.72,1,,1,,1,,1,,1,,1,2281.0449,1,,1,,1,,1,,1,,1,1,,,,,,,,,,,
RFI,301,B,2015,331.76733,63.25533,1,,1,,1,1000,1,,1,,1,1,1,,1,1010.716,1,3.9517,1,34.9286,1,27.7425,1,2363.2,1,,1,,1,,1,8.0371,1,,1,2305.4631,1,,1,2144.126,1,343.797,1,13.7149,1,342.365,1,1,,2004.6,395.6,396.8,1779.0,214.4,11.2,9.593,5.16,3.40,409.4
RFI,301,B,2015,,,1,-999,1,,1,300,1,,1,,1,4,1,,1,306.136,1,5.462,1,35.0426,1,27.657,1,,1,,1,,1,,1,,1,,1,,1,,1,,1,,1,,1,,1,1,,,,,,,,,,,
RFI,301,B,2015,,,1,,1,,1,200,1,,1,,1,6,1,,1,201.931,1,5.818,1,35.0685,1,27.6322,1,2374.47,1,2372.26,1,,1,,1,8.0409,1,8.0347,1,2316.1836,1,2314.093,1,2152.5,1,377.489,1,13.5665,1,375.954,1,1,,2011.0,392.7,394.0,1782.5,217.4,11.1,9.545,5.23,3.45,406.4
RFI,301,B,2015,,,1,,1,,1,100,1,,1,,1,7,1,,1,102.506,1,6.4576,1,35.0895,1,27.5647,1,2369.78,1,,1,,1,,1,8.0558,1,,1,2311.5659,1,,1,2139.021,1,366.993,1,13.2011,1,365.513,1,1,,1997.7,375.6,376.8,1764.3,222.8,10.7,9.392,5.36,3.53,388.7
RFI,301,B,2015,,,1,,1,,1,50,1,,1,,1,8,1,,1,52.831,1,6.7742,1,35.1127,1,27.5396,1,2372.96,1,,1,,1,,1,8.0636,1,,1,2314.6562,1,,1,2137.127,1,362.296,1,13.0223,1,360.841,1,1,,1995.6,367.7,368.9,1758.9,226.2,10.4,9.317,5.44,3.59,380.6
RFI,301,B,2015,,,1,,1,,1,20,1,,1,,1,9,1,,1,22.752,1,7.1551,1,35.0915,1,27.4694,1,2377.29,1,,1,,1,,1,8.1471,1,,1,2318.8601,1,,1,2100.886,1,292.012,1,11.7395,1,290.845,1,1,,1946.2,289.2,290.2,1676.7,261.3,8.2,8.603,6.28,4.14,299.3
RFI,301,B,2015,,,1,,1,,1,10,1,,1,,1,10,1,,1,12.723,1,7.1751,1,35.0926,1,27.4674,1,2373.6399,1,,1,,1,,1,,1,,1,2318.1113,1,,1,,1,,1,,1,,1,1,,,,,,,,,,,
RFI,301,B,2015,,,1,,1,,1,0,1,,1,,1,11,1,,1,3.854,1,7.1754,1,35.0927,1,27.4673,1,2377.1201,1,,1,,1,,1,,1,,1,2321.5444,1,,1,,1,,1,,1,,1,1,,,,,,,,,,,
RFI,304,B,2015,329.8075,63.25617,1,,1,,1,1000,1,,1,,1,1,1,,1,1013.348,1,4.0561,1,34.9437,1,27.7437,1,2365.6001,1,,1,,1,,1,8.0464,1,,1,2307.7649,1,,1,2141.715,1,335.907,1,13.5359,1,334.509,1,1,,2001.0,385.6,386.8,1771.9,218.2,11.0,9.501,5.26,3.46,399.1
RFI,304,B,2015,,,1,,1,,1,300,1,,1,,1,4,1,,1,302.895,1,5.4777,1,35.0427,1,27.655,1,2370.29,1,,1,,1,,1,8.037,1,,1,2312.1711,1,,1,2151.07,1,375.976,1,13.6671,1,374.44,1,1,,2009.9,396.4,397.7,1783.2,215.4,11.3,9.583,5.18,3.42,410.3
RFI,304,B,2015,,,1,,1,,1,200,1,,1,,1,6,1,,1,202.227,1,5.8767,1,35.0749,1,27.6299,1,2371.4399,1,,1,,1,,1,8.0359,1,,1,2313.2451,1,,1,2151.33,1,381.958,1,13.6225,1,380.406,1,1,,2011.3,397.8,399.0,1784.8,215.2,11.3,9.590,5.18,3.41,411.6
RFI,304,B,2015,,,1,,1,,1,100,1,,1,,1,7,1,,1,101.305,1,6.2895,1,35.0925,1,27.5893,1,2373.6499,1,,1,,1,,1,8.0559,1,,1,2315.3916,1,,1,2143.77,1,367.448,1,13.2509,1,365.963,1,1,,2001.1,376.1,377.3,1767.2,223.2,10.7,9.394,5.37,3.54,389.2
RFI,304,B,2015,,,1,,1,,1,50,1,,1,,1,8,1,,1,50.618,1,6.8066,1,35.1139,1,27.536,1,2370.5901,1,,1,,1,,1,8.0649,1,,1,2312.3843,1,,1,2134.212,1,360.806,1,12.9913,1,359.358,1,1,,1992.7,366.0,367.1,1755.8,226.5,10.4,9.302,5.45,3.59,378.8
RFI,304,B,2015,,,1,,1,,1,20,1,,1,,1,9,1,,1,20.57,1,7.0334,1,35.0936,1,27.4882,1,2376.4399,1,,1,,1,,1,8.1305,1,,1,2318.1042,1,,1,2109.031,1,305.233,1,11.9993,1,304.012,1,1,,1956.4,303.6,304.5,1693.8,254.0,8.6,8.735,6.11,4.03,314.2
RFI,304,B,2015,,,1,,1,,1,10,1,,1,,1,10,1,,1,10.811,1,7.0415,1,35.0927,1,27.4862,1,2376.3101,1,,1,,1,,1,8.1449,1,,1,2317.9719,1,,1,2102.196,1,294.014,1,11.8012,1,292.838,1,1,,1946.8,291.0,291.9,1678.4,260.2,8.3,8.619,6.26,4.13,301.2
RFI,304,B,2015,,,1,,1,,1,0,1,,1,,1,11,1,,1,3.416,1,7.0444,1,35.092,1,27.4852,1,2373.5601,1,,1,,1,,1,8.1364,1,,1,2315.3118,1,,1,2103.852,1,300.692,1,11.9187,1,299.489,1,1,,1950.1,298.0,298.9,1685.4,256.2,8.5,8.685,6.16,4.06,308.4
RFI,306,B,2015,327.85434,63.24983,1,,1,,1,1000,1,,1,,1,1,1,,1,1014.28,1,4.1449,1,34.9273,1,27.7214,1,2362.51,1,2365.76,1,,1,,1,8.0437,1,8.0496,1,2304.7573,1,2307.9348,1,2139.437,1,337.916,1,13.5529,1,336.512,1,1,,2000.1,388.1,389.4,1772.2,216.8,11.0,9.527,5.22,3.44,401.7
RFI,306,B,2015,,,1,,1,,1,300,1,,1,,1,4,1,,1,306.102,1,4.9831,1,35.0114,1,27.6891,1,2366.8401,1,,1,,1,,1,8.0456,1,,1,2308.866,1,,1,2147.751,1,366.602,1,13.6699,1,365.095,1,1,,2002.0,386.4,387.7,1772.8,218.3,11.0,9.500,5.25,3.46,399.9
RFI,306,B,2015,,,1,,1,,1,200,1,,1,,1,6,1,,1,200.606,1,5.3598,1,35.0455,1,27.6706,1,2370.8101,1,,1,,1,,1,8.0475,1,,1,2312.6946,1,,1,2149.62,1,370.202,1,13.5907,1,368.687,1,1,,2004.1,384.9,386.1,1773.7,219.5,10.9,9.480,5.28,3.48,398.3
RFI,306,B,2015,,,1,,1,,1,100,1,,1,,1,7,1,,1,99.553,1,5.474,1,35.0524,1,27.6611,1,,1,,1,,1,,1,8.0481,1,,1,2309.6235,1,,1,2147.231,1,373.573,1,13.5985,1,372.047,1,1,,2000.9,383.7,384.9,1770.5,219.5,10.9,9.470,5.28,3.48,397.1
RFI,306,B,2015,,,1,,1,,1,50,1,,1,,1,8,1,,1,51.604,1,6.0513,1,35.0488,1,27.5853,1,,1,,1,,1,,1,8.0616,1,,1,2310.0117,1,,1,2138.875,1,363.171,1,13.2567,1,361.699,1,1,,1993.1,369.3,370.5,1757.9,224.7,10.5,9.341,5.41,3.56,382.2
RFI,306,B,2015,,,1,,1,,1,20,1,,1,,1,9,1,,1,20.839,1,6.5569,1,35.0272,1,27.5013,1,,1,,1,,1,,1,8.0908,1,,1,2311.5527,1,,1,2124.819,1,338.128,1,12.7019,1,336.767,1,1,,1976.6,339.9,341.0,1730.4,236.5,9.6,9.077,5.69,3.75,351.8
RFI,306,B,2015,,,1,,1,,1,10,1,,1,,1,10,1,,1,11.418,1,6.5725,1,35.0275,1,27.4993,1,,1,,1,,1,,1,8.0931,1,,1,2308.3093,1,,1,2120.774,1,335.973,1,12.6636,1,334.62,1,1,,1972.2,337.2,338.2,1725.6,237.1,9.6,9.053,5.71,3.76,348.9
RFI,306,B,2015,,,1,,1,,1,0,1,,1,,1,11,1,,1,2.394,1,6.5788,1,35.0274,1,27.4982,1,,1,,1,,1,,1,8.0603,1,,1,2300.6313,1,,1,2127.8,1,365.371,1,13.1515,1,363.9,1,1,,1985.6,369.2,370.3,1751.9,223.2,10.5,9.347,5.37,3.54,382.0
RFI,308,B,2015,325.88165,63.247,1,,1,,1,1000,1,,1,,1,1,1,,1,1012.384,1,3.7987,1,34.9046,1,27.7389,1,,1,,1,,1,,1,8.0495,1,,1,2302.8303,1,,1,2137.64,1,332.314,1,13.5607,1,330.926,1,1,,1995.0,381.5,382.7,1765.4,218.8,10.8,9.472,5.27,3.47,394.8
RFI,308,B,2015,,,1,,1,,1,300,1,,1,,1,4,1,,1,304.139,1,4.5554,1,34.9687,1,27.7038,1,,1,,1,,1,,1,8.0441,1,,1,2308.2327,1,,1,2150.796,1,367.7,1,13.825,1,366.18,1,1,,2002.7,388.1,389.4,1774.2,217.5,11.0,9.520,5.24,3.45,401.7
RFI,308,B,2015,,,1,,1,,1,200,1,,1,,1,6,1,,1,200.825,1,4.846,1,34.9956,1,27.6915,1,,1,,1,,1,,1,8.0457,1,8.0436,1,2308.0881,1,2307.2559,1,2149.581,1,370.818,1,13.7681,1,369.291,1,1,,2001.4,386.2,387.5,1772.2,218.2,11.0,9.500,5.25,3.46,399.7
RFI,308,B,2015,,,1,,1,,1,100,1,,1,,1,7,1,,1,100.624,1,5.3665,1,35.0251,1,27.6526,1,,1,,1,,1,,1,8.0535,1,,1,2312.3477,1,,1,2148.44,1,368.732,1,13.554,1,367.224,1,1,,2000.3,378.4,379.6,1767.8,221.7,10.7,9.424,5.34,3.52,391.6
RFI,308,B,2015,,,1,,1,,1,50,1,,1,,1,8,1,,1,48.623,1,6.0111,1,35.0151,1,27.5638,1,,1,,1,,1,,1,8.0944,1,,1,2311.4016,1,,1,2126.578,1,333.576,1,12.7788,1,332.224,1,1,,1974.3,336.4,337.5,1726.8,237.9,9.6,9.046,5.73,3.77,348.2
RFI,308,B,2015,,,1,,1,,1,20,1,,1,,1,9,1,,1,20.62,1,6.5086,1,34.9865,1,27.4757,1,,1,,1,,1,,1,8.1416,1,,1,2313.4961,1,,1,2104.105,1,295.789,1,11.9885,1,294.597,1,1,,1946.0,293.6,294.5,1679.8,257.8,8.3,8.655,6.21,4.09,303.8
RFI,308,B,2015,,,1,,1,,1,10,1,,1,,1,10,1,,1,11.494,1,6.5157,1,34.9809,1,27.4702,1,,1,,1,,1,,1,8.1378,1,,1,2309.0403,1,,1,2101.831,1,298.545,1,12.04,1,297.343,1,1,,1944.6,296.3,297.2,1680.5,255.7,8.4,8.682,6.16,4.06,306.6
RFI,308,B,2015,,,1,,1,,1,0,1,,1,,1,11,1,,1,2.8,1,6.5136,1,34.9822,1,27.4713,1,,1,,1,,1,,1,8.1361,1,,1,2306.9797,1,,1,2100.844,1,299.931,1,12.0657,1,298.722,1,1,,1943.8,297.5,298.4,1680.7,254.7,8.4,8.694,6.13,4.04,307.9
RFI,310,B,2015,323.89667,63.25233,1,,1,,1,1000,1,,1,,1,1,1,,1,1012.483,1,3.9361,1,34.9228,1,27.7394,1,,1,,1,,1,,1,8.0446,1,,1,2302.8813,1,,1,2138.701,1,336.696,1,13.5957,1,335.293,1,1,,1997.9,386.8,388.0,1769.9,217.0,11.0,9.517,5.23,3.44,400.3
RFI,310,B,2015,,,1,,1,,1,300,1,,1,,1,4,1,,1,304.863,1,5.0139,1,35.0106,1,27.6849,1,,1,,1,,1,,1,8.0428,1,,1,2308.5959,1,,1,2148.457,1,369.319,1,13.7062,1,367.801,1,1,,2003.4,389.5,390.7,1775.2,217.2,11.1,9.527,5.23,3.45,403.1
RFI,310,B,2015,,,1,,1,,1,200,1,,1,,1,6,1,,1,201.685,1,5.3142,1,35.0392,1,27.671,1,,1,,1,,1,,1,8.0462,1,,1,2312.0942,1,,1,2149.898,1,371.285,1,13.6239,1,369.765,1,1,,2004.4,386.2,387.5,1774.5,218.9,11.0,9.493,5.27,3.47,399.7
RFI,310,B,2015,,,1,,1,,1,100,1,,1,,1,7,1,,1,99.741,1,5.7525,1,35.0636,1,27.6355,1,,1,,1,,1,,1,8.0501,1,8.051,1,2311.1211,1,2313.7007,1,2145.923,1,372.073,1,13.4894,1,370.559,1,1,,2000.9,381.7,382.9,1769.7,220.4,10.8,9.450,5.30,3.50,395.1
RFI,310,B,2015,,,1,,1,,1,50,1,,1,,1,8,1,,1,50.211,1,6.04,1,35.054,1,27.5909,1,,1,,1,,1,,1,8.0678,1,,1,2314.6025,1,,1,2140.688,1,358.095,1,13.1706,1,356.643,1,1,,1993.4,363.5,364.7,1755.4,227.7,10.3,9.286,5.48,3.61,376.2
RFI,310,B,2015,,,1,,1,,1,20,1,,1,,1,9,1,,1,21.238,1,6.5326,1,34.9673,1,27.4573,1,,1,,1,,1,,1,8.1371,1,,1,2309.0706,1,,1,2101.968,1,298.797,1,12.044,1,297.594,1,1,,1945.2,296.9,297.9,1681.4,255.3,8.4,8.689,6.15,4.05,307.3
RFI,310,B,2015,,,1,,1,,1,10,1,,1,,1,10,1,,1,12.33,1,6.5365,1,34.9671,1,27.4565,1,,1,,1,,1,,1,8.1098,1,,1,2298.512,1,,1,2104.636,1,320.123,1,12.4255,1,318.834,1,1,,1953.4,320.0,321.0,1701.7,242.6,9.1,8.906,5.84,3.85,331.2
RFI,310,B,2015,,,1,,1,,1,0,1,,1,,1,11,1,,1,3.237,1,6.5367,1,34.9669,1,27.4562,1,,1,,1,,1,,1,8.1091,1,,1,2317.793,1,,1,2123.321,1,323.839,1,12.4686,1,322.534,1,1,,1971.1,323.5,324.5,1717.4,244.5,9.2,8.931,5.89,3.88,334.8
RFI,313,B,2015,321.92401,63.22833,1,,1,,1,1000,1,,1,,1,1,1,,1,1009.384,1,3.844,1,34.9233,1,27.7492,1,,1,,1,,1,,1,8.0452,1,,1,2306.667,1,,1,2142.724,1,336.759,1,13.6197,1,335.353,1,1,,2000.9,386.8,388.0,1772.4,217.6,11.0,9.515,5.24,3.45,400.3
RFI,313,B,2015,,,1,,1,,1,300,1,,1,,1,4,1,,1,304.83,1,5.1972,1,35.0271,1,27.6764,1,,1,,1,,1,,1,8.0413,1,,1,2309.8762,1,,1,2149.008,1,371.109,1,13.6765,1,369.588,1,1,,2005.4,391.3,392.5,1777.5,216.8,11.1,9.541,5.22,3.44,405.0
RFI,313,B,2015,,,1,,1,,1,200,1,,1,,1,6,1,,1,199.775,1,5.6136,1,35.0556,1,27.6476,1,,1,,1,,1,,1,8.0488,1,8.0497,1,2315.0332,1,2314.3049,1,2149.588,1,369.562,1,13.5015,1,368.055,1,1,,2005.3,383.8,385.1,1774.2,220.3,10.9,9.468,5.30,3.49,397.2
RFI,313,B,2015,,,1,,1,,1,100,1,,1,,1,7,1,,1,102.663,1,6.0305,1,35.0691,1,27.6046,1,,1,,1,,1,,1,8.0663,1,,1,2314.283,1,,1,2140.165,1,357.222,1,13.1638,1,355.774,1,1,,1993.9,365.0,366.2,1756.5,227.1,10.4,9.298,5.46,3.60,377.7
RFI,313,B,2015,,,1,,1,,1,50,1,,1,,1,8,1,,1,52.835,1,6.2168,1,35.0546,1,27.5685,1,,1,,1,,1,,1,8.1133,1,,1,2314.2444,1,,1,2119.079,1,317.58,1,12.4375,1,316.295,1,1,,1964.5,318.8,319.8,1709.3,246.2,9.0,8.880,5.92,3.90,329.9
RFI,313,B,2015,,,1,,1,,1,20,1,,1,,1,9,1,,1,19.788,1,6.234,1,35.037,1,27.5519,1,,1,,1,,1,,1,8.1216,1,,1,2312.2798,1,,1,2113.992,1,311.642,1,12.3302,1,310.381,1,1,,1957.5,310.9,311.9,1699.3,249.4,8.8,8.810,6.00,3.96,321.8
RFI,313,B,2015,,,1,,1,,1,10,1,,1,,1,10,1,,1,10.487,1,6.2264,1,35.0343,1,27.5506,1,,1,,1,,1,,1,8.122,1,,1,2311.9807,1,,1,2113.758,1,311.613,1,12.3313,1,310.353,1,1,,1957.0,310.5,311.5,1698.7,249.5,8.8,8.807,6.00,3.96,321.4
RFI,313,B,2015,,,1,,1,,1,0,1,,1,,1,11,1,,1,1.609,1,6.2252,1,35.0346,1,27.551,1,,1,,1,,1,,1,8.1256,1,,1,2313.5774,1,,1,2113.78,1,309.189,1,12.2861,1,307.938,1,1,,1956.1,307.5,308.5,1696.2,251.2,8.7,8.779,6.05,3.98,318.2
RFI,314,B,2015,320.00351,62.7445,1,,1,,1,1000,1,,1,,1,1,1,,1,1012.561,1,3.7498,1,34.9377,1,27.7702,1,,1,,1,,1,,1,8.0332,1,,1,2303.9805,1,,1,2145.521,1,346.734,1,13.8283,1,345.285,1,1,,2005.5,399.6,400.9,1781.4,212.8,11.4,9.629,5.12,3.38,413.6
RFI,314,B,2015,,,1,,1,,1,300,1,,1,,1,4,1,,1,304.198,1,4.7979,1,34.992,1,27.695,1,,1,,1,,1,,1,8.0787,1,8.0444,1,2305.3333,1,2309.2632,1,2131.987,1,335.716,1,13.2021,1,334.332,1,1,,1978.8,351.1,352.2,1738.0,230.8,10.0,9.185,5.56,3.66,363.3
RFI,314,B,2015,,,1,,1,,1,200,1,,1,,1,6,1,,1,204.152,1,5.3685,1,35.0391,1,27.6645,1,,1,,1,,1,,1,8.0443,1,,1,2310.9756,1,,1,2149.213,1,372.879,1,13.6357,1,371.354,1,1,,2004.5,388.1,389.4,1775.4,218.1,11.0,9.510,5.25,3.46,401.7
RFI,314,B,2015,,,1,,1,,1,100,1,,1,,1,7,1,,1,103.192,1,5.7119,1,35.0313,1,27.6151,1,,1,,1,,1,,1,8.0726,1,,1,2308.4946,1,,1,2134.351,1,350.319,1,13.1529,1,348.893,1,1,,1985.1,357.7,358.8,1746.1,228.9,10.2,9.239,5.51,3.63,370.1
RFI,314,B,2015,,,1,,1,,1,50,1,,1,,1,8,1,,1,50.547,1,5.9208,1,35.0155,1,27.5757,1,,1,,1,,1,,1,8.1046,1,,1,2310.9006,1,,1,2122.213,1,324.528,1,12.6479,1,323.211,1,1,,1967.4,326.5,327.6,1716.1,242.0,9.3,8.956,5.83,3.84,338.0
RFI,314,B,2015,,,1,,1,,1,20,1,,1,,1,9,1,,1,21.111,1,5.9274,1,35.0156,1,27.5746,1,,1,,1,,1,,1,8.1059,1,,1,2311.5991,1,,1,2122.741,1,324.64,1,12.6432,1,323.322,1,1,,1967.2,325.4,326.5,1715.3,242.7,9.2,8.946,5.84,3.85,336.8
RFI,314,B,2015,,,1,,1,,1,10,1,,1,,1,10,1,,1,10.444,1,5.9635,1,35.0161,1,27.5703,1,,1,,1,,1,,1,8.1082,1,,1,2308.6433,1,,1,2118.837,1,322.667,1,12.6007,1,321.358,1,1,,1963.1,322.8,323.9,1710.6,243.3,9.2,8.923,5.86,3.86,334.1
RFI,314,B,2015,,,1,,1,,1,0,1,,1,,1,11,1,,1,3.746,1,5.9851,1,35.0171,1,27.5682,1,,1,,1,,1,,1,8.1081,1,,1,2311.417,1,,1,2121.457,1,323.414,1,12.6039,1,322.102,1,1,,1965.6,323.3,324.4,1712.9,243.6,9.2,8.926,5.86,3.86,334.6
RFI,316,B,2015,321.98965,62.74633,1,,1,,1,1000,1,,1,,1,1,1,,1,1012.014,1,3.7014,1,34.8972,1,27.7427,1,,1,,1,,1,,1,8.0472,1,,1,2302.6743,1,,1,2139.117,1,334.208,1,13.6264,1,332.811,1,1,,1996.3,384.0,385.3,1767.6,217.8,10.9,9.495,5.25,3.46,397.4
RFI,316,B,2015,,,1,,1,,1,300,1,,1,,1,4,1,,1,303.303,1,4.5056,1,34.9645,1,27.7059,1,,1,,1,,1,,1,8.0434,1,,1,2305.6084,1,,1,2148.924,1,367.934,1,13.8476,1,366.412,1,1,,2000.7,388.5,389.7,1772.8,216.9,11.0,9.525,5.22,3.44,402.0
RFI,316,B,2015,,,1,,1,,1,200,1,,1,,1,6,1,,1,203.335,1,4.8675,1,34.9982,1,27.691,1,,1,,1,,1,,1,8.0445,1,8.043,1,2307.6912,1,2307.4043,1,2149.496,1,371.814,1,13.7784,1,370.283,1,1,,2001.7,387.5,388.7,1773.0,217.7,11.0,9.511,5.24,3.45,401.0
RFI,316,B,2015,,,1,,1,,1,100,1,,1,,1,7,1,,1,100.662,1,5.3989,1,35.0465,1,27.6657,1,,1,,1,,1,,1,8.047,1,,1,2310.8291,1,,1,,1,,1,,1,,1,1,,2002.9,385.4,386.7,1772.9,219.0,10.9,9.486,5.27,3.47,398.9
RFI,316,B,2015,,,1,,1,,1,50,1,,1,,1,8,1,,1,50.376,1,5.9532,1,34.9971,1,27.557,1,,1,,1,,1,,1,7.9526,1,,1,2310.2878,1,,1,2183.159,1,481.419,1,15.0351,1,479.465,1,1,,2056.3,501.6,503.2,1857.5,184.5,14.2,10.498,4.44,2.93,519.1
RFI,316,B,2015,,,1,,1,,1,20,1,,1,,1,9,1,,1,19.864,1,6.3907,1,34.9698,1,27.4781,1,,1,,1,,1,,1,8.1009,1,,1,2308.6482,1,,1,2119.112,1,328.887,1,12.6045,1,327.56,1,1,,1968.1,329.9,330.9,1718.6,240.1,9.4,8.993,5.78,3.81,341.4
RFI,316,B,2015,,,1,,1,,1,10,1,,1,,1,10,1,,1,10.442,1,6.4891,1,34.9687,1,27.464,1,,1,,1,,1,,1,8.1585,1,,1,2307.9717,1,,1,2091.35,1,282.371,1,11.759,1,281.233,1,1,,1930.0,278.7,279.6,1657.7,264.4,7.9,8.520,6.37,4.20,288.4
RFI,316,B,2015,,,1,,1,,1,0,1,,1,,1,11,1,,1,3.372,1,6.561,1,34.968,1,27.4538,1,,1,,1,,1,,1,8.2053,1,,1,2308.1819,1,,1,2068.086,1,249.069,1,11.1241,1,248.066,1,1,,1898.2,242.4,243.2,1606.0,285.3,6.9,8.183,6.87,4.53,250.9
RFI,318,B,2015,324.00766,62.75433,1,,1,,1,1000,1,,1,,1,1,1,,1,1011.241,1,3.7518,1,34.9008,1,27.7406,1,,1,,1,,1,,1,8.0505,1,8.0495,1,2305.0559,1,2303.2092,1,2139.702,1,331.781,1,13.5632,1,330.395,1,1,,1996.5,380.8,382.1,1766.3,219.4,10.8,9.465,5.28,3.48,394.1
RFI,318,B,2015,,,1,,1,,1,300,1,,1,,1,4,1,,1,303.96,1,4.3778,1,34.9533,1,27.7111,1,,1,,1,,1,,1,8.0448,1,,1,2310.1648,1,,1,2153.597,1,367.216,1,13.8713,1,365.694,1,1,,2004.1,387.8,389.0,1775.2,217.9,11.0,9.518,5.25,3.46,401.3
RFI,318,B,2015,,,1,,1,,1,200,1,,1,,1,6,1,,1,202.798,1,4.7571,1,34.9896,1,27.6969,1,,1,,1,,1,,1,8.0444,1,,1,2309.8147,1,,1,2152.339,1,372.201,1,13.8171,1,370.666,1,1,,2003.7,388.0,389.2,1774.9,217.8,11.0,9.516,5.24,3.46,401.5
RFI,318,B,2015,,,1,,1,,1,100,1,,1,,1,7,1,,1,100.75,1,5.2182,1,35.0248,1,27.6702,1,,1,,1,,1,,1,8.0428,1,,1,2313.415,1,,1,2154.826,1,379.181,1,13.7662,1,377.627,1,1,,2007.7,390.3,391.5,1778.9,217.7,11.1,9.530,5.24,3.45,403.9
RFI,318,B,2015,,,1,,1,,1,50,1,,1,,1,8,1,,1,50.482,1,5.7805,1,35.0017,1,27.5825,1,,1,,1,,1,,1,8.0745,1,,1,2312.979,1,,1,2138.339,1,351.546,1,13.1478,1,350.116,1,1,,1988.2,356.5,357.7,1748.1,230.0,10.1,9.230,5.54,3.65,369.0
RFI,318,B,2015,,,1,,1,,1,20,1,,1,,1,9,1,,1,20.717,1,6.4666,1,34.9814,1,27.4773,1,,1,,1,,1,,1,8.1532,1,,1,2312.7598,1,,1,2098.283,1,286.649,1,11.8365,1,285.494,1,1,,1937.7,283.6,284.5,1666.9,262.7,8.1,8.564,6.33,4.17,293.5
RFI,318,B,2015,,,1,,1,,1,10,1,,1,,1,10,1,,1,11.323,1,6.4935,1,34.982,1,27.474,1,,1,,1,,1,,1,8.15,1,,1,2312.915,1,,1,2099.903,1,289.463,1,11.8793,1,288.297,1,1,,1939.9,286.3,287.3,1670.4,261.4,8.1,8.589,6.29,4.15,296.3
RFI,318,B,2015,,,1,,1,,1,0,1,,1,,1,11,1,,1,4.002,1,6.4924,1,34.9821,1,27.4742,1,,1,,1,,1,,1,8.1427,1,,1,2313.8298,1,,1,2104.342,1,295.547,1,11.9867,1,294.356,1,1,,1945.6,292.7,293.6,1678.9,258.3,8.3,8.647,6.22,4.10,302.9
RFI,320,B,2015,326.01651,62.7555,1,,1,,1,1000,1,,1,,1,1,1,,1,1012.875,1,3.7233,1,34.8982,1,27.7414,1,,1,,1,,1,,1,8.051,1,,1,2301.0708,1,,1,2135.866,1,330.672,1,13.5563,1,329.29,1,1,,1992.6,379.6,380.8,1762.6,219.1,10.8,9.456,5.28,3.48,392.9
RFI,320,B,2015,,,1,,1,,1,300,1,,1,,1,4,1,,1,303.226,1,4.1041,1,34.931,1,27.7227,1,,1,,1,,1,,1,8.0396,1,,1,2307.4851,1,,1,2154.998,1,371.55,1,14.0346,1,370.005,1,1,,2004.9,393.1,394.4,1778.2,215.5,11.2,9.570,5.19,3.42,406.9
RFI,320,B,2015,,,1,,1,,1,200,1,,1,,1,6,1,,1,202.704,1,4.2199,1,34.9389,1,27.7158,1,,1,,1,,1,,1,8.0427,1,,1,2305.1174,1,,1,2152.251,1,372.657,1,14.0024,1,371.11,1,1,,2000.9,389.2,390.5,1773.3,216.5,11.1,9.536,5.21,3.44,402.8
RFI,320,B,2015,,,1,,1,,1,100,1,,1,,1,7,1,,1,101.66,1,4.8431,1,34.9389,1,27.6459,1,,1,,1,,1,,1,8.0806,1,,1,2312.6377,1,,1,2141.361,1,343.359,1,13.2957,1,341.945,1,1,,1984.6,350.5,351.6,1742.5,232.1,10.0,9.183,5.59,3.68,362.8
RFI,320,B,2015,,,1,,1,,1,50,1,,1,,1,8,1,,1,50.198,1,5.7968,1,34.928,1,27.5221,1,,1,,1,,1,,1,8.1247,1,,1,2311.0364,1,,1,2114.728,1,307.871,1,12.4039,1,306.619,1,1,,1955.3,308.3,309.3,1696.5,250.1,8.8,8.798,6.02,3.97,319.1
RFI,320,B,2015,,,1,,1,,1,20,1,,1,,1,9,1,,1,20.352,1,6.1251,1,34.9248,1,27.4774,1,,1,,1,,1,,1,8.1356,1,,1,2311.2734,1,,1,2108.065,1,300.289,1,12.1795,1,299.073,1,1,,1948.5,298.7,299.6,1685.2,254.7,8.5,8.709,6.14,4.04,309.1
RFI,320,B,2015,,,1,,1,,1,10,1,,1,,1,10,1,,1,10.718,1,6.1411,1,34.9231,1,27.4739,1,,1,,1,,1,,1,,1,,1,,1,,1,,1,,1,,1,,1,1,,,,,,,,,,,
RFI,320,B,2015,,,1,,1,,1,0,1,,1,,1,11,1,,1,3.601,1,6.1441,1,34.9226,1,27.473,1,,1,,1,,1,,1,,1,,1,,1,,1,,1,,1,,1,,1,1,,,,,,,,,,,
RFI,322,B,2015,328.0015,62.75167,1,,1,,1,1000,1,,1,,1,1,1,,1,1014.151,1,3.8919,1,34.9075,1,27.7318,1,,1,,1,,1,,1,8.0474,1,8.051,1,2303.2878,1,2306.3657,1,2138.283,1,334.23,1,13.5672,1,332.836,1,1,,1996.7,383.9,385.1,1767.7,218.0,10.9,9.492,5.25,3.46,397.3
RFI,322,B,2015,,,1,,1,,1,300,1,,1,,1,4,1,,1,303.272,1,4.9773,1,35.007,1,27.6863,1,,1,,1,,1,,1,8.0451,1,,1,2309.5376,1,,1,2148.701,1,367.314,1,13.6832,1,365.803,1,1,,2002.9,387.1,388.4,1773.8,218.1,11.0,9.506,5.25,3.46,400.6
RFI,322,B,2015,,,1,,1,,1,200,1,,1,,1,6,1,,1,203.628,1,5.2928,1,35.0309,1,27.6671,1,,1,,1,,1,,1,8.0426,1,,1,2310.4592,1,,1,2149.963,1,374.419,1,13.6853,1,372.886,1,1,,2005.1,389.9,391.2,1776.7,217.3,11.1,9.528,5.23,3.45,403.6
RFI,322,B,2015,,,1,,1,,1,100,1,,1,,1,7,1,,1,99.718,1,5.7509,1,35.05,1,27.6249,1,,1,,1,,1,,1,8.0488,1,,1,2311.4956,1,,1,2146.899,1,373.428,1,13.5143,1,371.909,1,1,,2002.2,383.2,384.5,1771.4,219.9,10.9,9.465,5.29,3.49,396.6
RFI,322,B,2015,,,1,,1,,1,50,1,,1,,1,8,1,,1,49.859,1,6.2106,1,35.0493,1,27.565,1,,1,,1,,1,,1,8.0597,1,,1,2311.7402,1,,1,2140.266,1,365.445,1,13.2464,1,363.966,1,1,,1995.8,371.6,372.8,1761.1,224.2,10.5,9.361,5.39,3.56,384.6
RFI,322,B,2015,,,1,,1,,1,20,1,,1,,1,9,1,,1,19.006,1,6.966,1,35.0265,1,27.4447,1,,1,,1,,1,,1,8.146,1,,1,2313.1401,1,,1,2097.973,1,292.355,1,11.8079,1,291.184,1,1,,1942.4,289.6,290.6,1674.3,259.8,8.2,8.615,6.25,4.12,299.7
RFI,322,B,2015,,,1,,1,,1,10,1,,1,,1,10,1,,1,10.65,1,6.9927,1,35.0277,1,27.4419,1,,1,,1,,1,,1,8.0807,1,,1,2299.24,1,,1,2114.674,1,345.978,1,12.7261,1,344.593,1,1,,1971.8,348.0,349.1,1730.8,231.1,9.9,9.155,5.56,3.67,360.1
RFI,322,B,2015,,,1,,1,,1,0,1,,1,,1,11,1,,1,2.913,1,6.9962,1,35.0276,1,27.4412,1,,1,,1,,1,,1,8.1364,1,,1,2318.3201,1,,1,2107.436,1,301.237,1,11.9491,1,300.031,1,1,,1953.3,298.6,299.6,1688.5,256.3,8.5,8.696,6.17,4.07,309.0
RFI,324,B,2015,330.01999,62.75417,1,,1,,1,1000,1,,1,,1,1,1,,1,1013.16,1,3.8455,1,34.9064,1,27.7356,1,,1,,1,,1,,1,8.0424,1,,1,2308.4475,1,,1,2145.586,1,339.375,1,13.6692,1,337.959,1,1,,2004.3,390.3,391.5,1776.6,216.6,11.1,9.547,5.22,3.44,403.9
RFI,324,B,2015,,,1,,1,,1,300,1,,1,,1,4,1,,1,303.587,1,5.2032,1,35.024,1,27.6733,1,,1,,1,,1,,1,8.0409,1,,1,2313.9497,1,,1,2153.061,1,372.234,1,13.6892,1,370.708,1,1,,2009.3,392.5,393.7,1781.2,217.0,11.1,9.549,5.22,3.44,406.2
RFI,324,B,2015,,,1,,1,,1,200,1,,1,,1,6,1,,1,201.729,1,5.4233,1,35.0406,1,27.659,1,,1,,1,,1,,1,8.0399,1,,1,2313.5784,1,,1,2153.172,1,377.758,1,13.6951,1,376.214,1,1,,2009.5,393.5,394.7,1781.7,216.6,11.2,9.556,5.21,3.44,407.2
RFI,324,B,2015,,,1,,1,,1,100,1,,1,,1,7,1,,1,101.262,1,6.0097,1,35.0433,1,27.5869,1,,1,,1,,1,,1,8.055,1,,1,2315.5632,1,,1,2146.464,1,368.25,1,13.3535,1,366.757,1,1,,2002.2,377.3,378.5,1768.8,222.7,10.7,9.411,5.36,3.53,390.4
RFI,324,B,2015,,,1,,1,,1,50,1,,1,,1,8,1,,1,50.2,1,6.3982,1,35.0664,1,27.5538,1,,1,,1,,1,,1,8.0596,1,8.0606,1,2316.5735,1,2314.6941,1,2143.535,1,366.401,1,13.2001,1,364.923,1,1,,2000.1,372.4,373.6,1764.8,224.7,10.6,9.364,5.41,3.56,385.4
RFI,324,B,2015,,,1,,1,,1,20,1,,1,,1,9,1,,1,20.269,1,7.1809,1,35.0517,1,27.4344,1,,1,,1,,1,,1,8.1395,1,,1,2316.2026,1,,1,2102.113,1,297.848,1,11.8445,1,296.659,1,1,,1949.2,295.5,296.5,1683.3,257.5,8.4,8.666,6.20,4.08,305.9
RFI,324,B,2015,,,1,,1,,1,10,1,,1,,1,10,1,,1,10.377,1,7.3421,1,35.0529,1,27.4123,1,,1,,1,,1,,1,8.164,1,,1,2320.7903,1,,1,2093.454,1,279.773,1,11.4837,1,278.658,1,1,,1936.9,275.5,276.4,1660.3,268.7,7.8,8.480,6.47,4.26,285.1
RFI,324,B,2015,,,1,,1,,1,0,1,,1,,1,11,1,,1,2.514,1,7.3412,1,35.0545,1,27.4136,1,,1,,1,,1,,1,8.1676,1,,1,2318.4602,1,,1,2089.642,1,277.031,1,11.4361,1,275.927,1,1,,1932.4,272.3,273.2,1654.6,270.0,7.7,8.451,6.50,4.28,281.8
RFI,326,B,2015,332.02716,62.754,1,,1,,1,1000,1,,1,,1,1,1,,1,1013.884,1,3.9922,1,34.933,1,27.7419,1,,1,,1,,1,,1,8.0386,1,,1,2306.9639,1,,1,2144.614,1,342.599,1,13.6791,1,341.172,1,1,,2005.0,394.1,395.4,1778.7,215.1,11.2,9.579,5.18,3.41,407.9
RFI,326,B,2015,,,1,,1,,1,300,1,,1,,1,4,1,,1,305.037,1,6.6868,1,35.1467,1,27.5815,1,,1,,1,,1,,1,8.0422,1,,1,2319.7341,1,,1,2147.479,1,372.861,1,13.2386,1,371.363,1,1,,2012.9,391.6,392.8,1783.2,218.5,11.1,9.524,5.25,3.46,405.3
RFI,326,B,2015,,,1,,1,,1,200,1,,1,,1,6,1,,1,202.529,1,6.8031,1,35.1469,1,27.5645,1,,1,,1,,1,,1,8.0471,1,,1,2319.9753,1,,1,2146.472,1,372.626,1,13.1871,1,371.13,1,1,,2010.1,386.2,387.5,1778.7,220.4,11.0,9.476,5.30,3.49,399.7
RFI,326,B,2015,,,1,,1,,1,100,1,,1,,1,7,1,,1,100.636,1,6.9103,1,35.1456,1,27.5474,1,,1,,1,,1,,1,8.039,1,,1,2315.3137,1,,1,2146.368,1,384.398,1,13.331,1,382.857,1,1,,2010.8,394.4,395.6,1782.7,216.9,11.2,9.551,5.21,3.44,408.2
RFI,326,B,2015,,,1,,1,,1,50,1,,1,,1,8,1,,1,51.572,1,7.1111,1,35.1307,1,27.507,1,,1,,1,,1,,1,8.0762,1,,1,2321.7571,1,,1,2135.927,1,351.79,1,12.7502,1,350.383,1,1,,1994.1,355.8,356.9,1751.9,232.1,10.1,9.204,5.58,3.68,368.2
RFI,326,B,2015,,,1,,1,,1,20,1,,1,,1,9,1,,1,20.615,1,7.9156,1,35.1398,1,27.3968,1,,1,,1,,1,,1,8.1695,1,,1,2323.229,1,,1,2087.635,1,275.465,1,11.2613,1,274.375,1,1,,1934.5,271.1,272.0,1655.0,271.8,7.7,8.430,6.54,4.31,280.6
RFI,326,B,2015,,,1,,1,,1,10,1,,1,,1,10,1,,1,11.063,1,7.9739,1,35.1391,1,27.3872,1,,1,,1,,1,,1,8.1206,1,,1,2304.3484,1,,1,2093.521,1,311.97,1,11.8854,1,310.737,1,1,,1950.3,310.4,311.4,1693.0,248.5,8.8,8.797,5.97,3.94,321.2
RFI,326,B,2015,,,1,,1,,1,0,1,,1,,1,11,1,,1,2.508,1,7.9906,1,35.1391,1,27.3846,1,,1,,1,,1,,1,8.1734,1,,1,2320.6287,1,,1,2082.975,1,272.832,1,11.199,1,271.754,1,1,,1929.6,267.7,268.5,1648.7,273.2,7.6,8.399,6.57,4.33,277.0
RFI,329,B,2015,333.94632,62.74583,1,,1,,1,1000,1,,1,,1,1,1,,1,1013.652,1,4.3759,1,34.9686,1,27.7297,1,,1,,1,,1,,1,8.033,1,8.0315,1,2302.8621,1,2306.665,1,2140.298,1,347.359,1,13.6454,1,345.92,1,1,,2004.4,399.6,400.8,1780.3,212.7,11.3,9.625,5.12,3.38,413.5
RFI,329,B,2015,,,1,,1,,1,300,1,,1,,1,4,1,,1,301.774,1,6.1447,1,35.0881,1,27.6071,1,,1,,1,,1,,1,8.0421,1,,1,2314.2122,1,,1,2146.269,1,371.882,1,13.3952,1,370.377,1,1,,2008.4,390.9,392.2,1779.5,217.7,11.1,9.528,5.24,3.45,404.6
RFI,329,B,2015,,,1,,1,,1,200,1,,1,,1,6,1,,1,201.297,1,6.3409,1,35.0967,1,27.5871,1,,1,,1,,1,,1,8.0492,1,,1,2314.7043,1,,1,2143.983,1,369.543,1,13.2845,1,368.051,1,1,,2004.5,383.2,384.4,1773.1,220.5,10.9,9.458,5.30,3.50,396.6
RFI,329,B,2015,,,1,,1,,1,100,1,,1,,1,7,1,,1,101.812,1,6.6906,1,35.122,1,27.559,1,,1,,1,,1,,1,8.0505,1,,1,2313.1274,1,,1,2141.014,1,372.497,1,13.2147,1,370.999,1,1,,2002.1,381.4,382.6,1770.3,221.0,10.8,9.439,5.31,3.50,394.7
RFI,329,B,2015,,,1,,1,,1,50,1,,1,,1,8,1,,1,51.327,1,7.1501,1,35.125,1,27.4969,1,,1,,1,,1,,1,8.0837,1,,1,2314.7646,1,,1,2125.732,1,343.865,1,12.6195,1,342.491,1,1,,1983.1,347.1,348.2,1738.9,234.3,9.8,9.130,5.64,3.72,359.2
RFI,329,B,2015,,,1,,1,,1,20,1,,1,,1,9,1,,1,20.009,1,7.7203,1,35.1297,1,27.4178,1,,1,,1,,1,,1,8.17,1,,1,2318.0522,1,,1,2084.22,1,274.491,1,11.2941,1,273.402,1,1,,1929.7,270.1,271.0,1650.7,271.4,7.7,8.423,6.53,4.30,279.5
RFI,329,B,2015,,,1,,1,,1,10,1,,1,,1,10,1,,1,11.721,1,8.0085,1,35.1264,1,27.3721,1,,1,,1,,1,,1,8.1779,1,,1,2316.6736,1,,1,2076.777,1,268.772,1,11.1305,1,267.71,1,1,,1923.1,263.7,264.5,1640.9,274.7,7.5,8.364,6.61,4.36,272.9
RFI,329,B,2015,,,1,,1,,1,0,1,,1,,1,11,1,,1,4.264,1,8.1754,1,35.1211,1,27.3425,1,,1,,1,,1,,1,8.1025,1,,1,2290.7861,1,,1,2087.923,1,325.782,1,12.0789,1,324.497,1,1,,1949.9,325.2,326.2,1701.3,239.4,9.2,8.939,5.76,3.80,336.5
RFI,330,B,2015,332.50317,62.258,1,,1,,1,1000,1,,1,,1,1,1,,1,1014.311,1,4.2612,1,34.9669,1,27.7407,1,,1,,1,,1,,1,8.0401,1,8.033,1,2312.4497,1,2309.3601,1,2147.299,1,342.313,1,13.5801,1,340.893,1,1,,2008.9,393.3,394.6,1781.4,216.3,11.2,9.565,5.21,3.43,407.0
RFI,330,B,2015,,,1,,1,,1,300,1,,1,,1,4,1,,1,303.247,1,6.1362,1,35.0794,1,27.6014,1,,1,,1,,1,,1,8.0389,1,,1,2318.7151,1,,1,2151.979,1,375.698,1,13.456,1,374.177,1,1,,2014.4,395.3,396.6,1786.3,216.9,11.2,9.566,5.22,3.44,409.2
RFI,330,B,2015,,,1,,1,,1,200,1,,1,,1,6,1,,1,203.519,1,6.3237,1,35.0846,1,27.5798,1,,1,,1,,1,,1,8.0435,1,,1,2318.5957,1,,1,2150.233,1,375.653,1,13.3856,1,374.136,1,1,,2011.5,390.2,391.4,1781.8,218.7,11.1,9.519,5.26,3.47,403.8
RFI,330,B,2015,,,1,,1,,1,100,1,,1,,1,7,1,,1,101.336,1,6.6746,1,35.0831,1,27.5304,1,,1,,1,,1,,1,8.0627,1,,1,2319.2227,1,,1,2141.914,1,361.852,1,13.0509,1,360.397,1,1,,2000.5,369.5,370.7,1763.7,226.2,10.5,9.335,5.44,3.59,382.4
RFI,330,B,2015,,,1,,1,,1,50,1,,1,,1,8,1,,1,51.673,1,7.26,1,35.1089,1,27.4687,1,,1,,1,,1,,1,8.0875,1,,1,2315.2617,1,,1,2123.798,1,340.576,1,12.5394,1,339.217,1,1,,1981.3,343.4,344.5,1735.7,235.9,9.7,9.098,5.67,3.74,355.4
RFI,330,B,2015,,,1,,1,,1,20,1,,1,,1,9,1,,1,20.263,1,7.7171,1,35.1074,1,27.4008,1,,1,,1,,1,,1,8.169,1,,1,2324.8521,1,,1,2091.223,1,276.109,1,11.3214,1,275.014,1,1,,1936.6,271.8,272.7,1657.2,271.7,7.7,8.440,6.53,4.31,281.3
RFI,330,B,2015,,,1,,1,,1,10,1,,1,,1,10,1,,1,9.798,1,8.0753,1,35.0952,1,27.3375,1,,1,,1,,1,,1,8.1249,1,,1,2308.5481,1,,1,2094.936,1,309.139,1,11.8176,1,307.918,1,1,,1951.6,307.2,308.2,1692.3,250.6,8.7,8.771,6.03,3.97,318.0
RFI,330,B,2015,,,1,,1,,1,0,1,,1,,1,11,1,,1,3.343,1,8.0881,1,35.0973,1,27.3371,1,,1,,1,,1,,1,8.0886,1,,1,2300.9514,1,,1,2104.658,1,339.669,1,12.3201,1,338.328,1,1,,1967.9,340.2,341.3,1723.5,234.7,9.7,9.076,5.65,3.72,352.1
RFI,332,B,2015,320.34067,62.24983,1,,1,,1,1000,1,,1,,1,1,1,,1,1014.031,1,3.8766,1,34.909,1,27.7345,1,,1,,1,,1,,1,8.0489,1,,1,2296.8135,1,,1,2131.579,1,331.95,1,13.5366,1,330.565,1,1,,1989.9,381.1,382.3,1761.1,218.0,10.8,9.471,5.25,3.46,394.4
RFI,332,B,2015,,,1,,1,,1,300,1,,1,,1,4,1,,1,303.064,1,5.4859,1,35.047,1,27.6575,1,,1,,1,,1,,1,8.0422,1,,1,2305.9192,1,,1,2142.884,1,369.884,1,13.5716,1,368.373,1,1,,2001.1,389.5,390.8,1773.2,216.8,11.1,9.524,5.22,3.44,403.1
RFI,332,B,2015,,,1,,1,,1,200,1,,1,,1,6,1,,1,201.857,1,5.8043,1,35.0629,1,27.6295,1,,1,,1,,1,,1,8.0399,1,,1,2308.5586,1,,1,2145.751,1,377.197,1,13.5754,1,375.663,1,1,,2004.7,392.5,393.7,1777.4,216.2,11.1,9.547,5.20,3.43,406.2
RFI,332,B,2015,,,1,,1,,1,100,1,,1,,1,7,1,,1,99.981,1,6.2533,1,35.0686,1,27.5752,1,,1,,1,,1,,1,8.0412,1,,1,2307.4922,1,,1,2142.785,1,380.572,1,13.4838,1,379.034,1,1,,2003.0,390.8,392.1,1775.2,216.6,11.1,9.533,5.21,3.44,404.5
RFI,332,B,2015,,,1,,1,,1,50,1,,1,,1,8,1,,1,50.207,1,6.5901,1,35.0796,1,27.5385,1,,1,,1,,1,,1,8.0652,1,,1,2312.0732,1,,1,2135.473,1,360.435,1,13.0526,1,358.984,1,1,,1992.5,365.7,366.9,1755.7,226.5,10.4,9.304,5.45,3.59,378.5
RFI,332,B,2015,,,1,,1,,1,20,1,,1,,1,9,1,,1,19.789,1,7.4745,1,35.0541,1,27.3943,1,,1,,1,,1,,1,8.1614,1,,1,2322.5117,1,,1,2095.107,1,281.657,1,11.4855,1,280.536,1,1,,1940.1,277.9,278.7,1664.4,267.8,7.9,8.501,6.44,4.25,287.6
RFI,332,B,2015,,,1,,1,,1,10,1,,1,,1,10,1,,1,10.539,1,7.961,1,35.0505,1,27.3196,1,,1,,1,,1,,1,8.1581,1,,1,2322.4209,1,,1,2092.956,1,284.522,1,11.4227,1,283.398,1,1,,1942.3,280.6,281.5,1668.0,266.3,8.0,8.527,6.41,4.22,290.4
RFI,332,B,2015,,,1,,1,,1,0,1,,1,,1,11,1,,1,3.746,1,8.1045,1,35.0573,1,27.3032,1,,1,,1,,1,,1,8.1583,1,,1,2320.7083,1,,1,2090.189,1,284.372,1,11.3869,1,283.25,1,1,,1940.6,280.2,281.1,1666.4,266.2,8.0,8.523,6.41,4.22,290.0
RFI,334,B,2015,328.185,62.25217,1,,1,,1,1000,1,,1,,1,1,1,,1,1013.153,1,3.8227,1,34.905,1,27.7368,1,,1,,1,,1,,1,8.0475,1,,1,2296.1953,1,,1,2131.951,1,333.054,1,13.5743,1,331.663,1,1,,1990.2,382.5,383.8,1762.0,217.3,10.9,9.484,5.24,3.45,395.9
RFI,334,B,2015,,,1,,1,,1,300,1,,1,,1,4,1,,1,302.209,1,4.8357,1,34.9953,1,27.6933,1,,1,,1,,1,,1,8.0459,1,,1,2306.4885,1,,1,2146.464,1,365.993,1,13.7089,1,364.485,1,1,,1999.8,385.7,387.0,1770.8,218.1,11.0,9.497,5.25,3.46,399.2
RFI,334,B,2015,,,1,,1,,1,200,1,,1,,1,6,1,,1,202.499,1,5.1634,1,35.0219,1,27.6754,1,,1,,1,,1,,1,8.0389,1,8.0435,1,2305.6709,1,2304.9978,1,2147.798,1,377.18,1,13.7754,1,375.633,1,1,,2003.0,393.2,394.5,1776.4,215.4,11.2,9.561,5.18,3.42,407.0
RFI,334,B,2015,,,1,,1,,1,100,1,,1,,1,7,1,,1,100.704,1,5.719,1,35.0619,1,27.6383,1,,1,,1,,1,,1,8.0392,1,,1,2304.4165,1,,1,2144.223,1,381.573,1,13.6594,1,380.02,1,1,,2001.4,392.5,393.8,1774.7,215.6,11.1,9.550,5.19,3.42,406.2
RFI,334,B,2015,,,1,,1,,1,50,1,,1,,1,8,1,,1,50.089,1,6.2614,1,35.042,1,27.5526,1,,1,,1,,1,,1,8.0607,1,,1,2304.2625,1,,1,2132.411,1,363.318,1,13.2073,1,361.849,1,1,,1988.5,369.3,370.5,1754.2,223.8,10.5,9.344,5.39,3.55,382.2
RFI,334,B,2015,,,1,,1,,1,20,1,,1,,1,9,1,,1,20.353,1,7.0796,1,35.042,1,27.4411,1,,1,,1,,1,,1,8.1379,1,,1,2310.3853,1,,1,2098.244,1,298.346,1,11.8851,1,297.153,1,1,,1945.2,296.2,297.1,1680.7,256.1,8.4,8.674,6.16,4.06,306.5
RFI,334,B,2015,,,1,,1,,1,10,1,,1,,1,10,1,,1,10.526,1,7.9144,1,35.0334,1,27.3131,1,,1,,1,,1,,1,8.1156,1,,1,2296.771,1,,1,2089.822,1,315.332,1,11.9827,1,314.085,1,1,,1947.6,314.2,315.2,1693.6,245.1,8.9,8.846,5.90,3.89,325.2
RFI,334,B,2015,,,1,,1,,1,0,1,,1,,1,11,1,,1,2.834,1,8.0175,1,35.0399,1,27.3026,1,,1,,1,,1,,1,8.1512,1,,1,2308.4548,1,,1,2083.065,1,288.356,1,11.4887,1,287.217,1,1,,1934.7,284.6,285.5,1665.0,261.6,8.1,8.568,6.30,4.15,294.5
RFI,336,B,2015,326.035,62.25283,1,,1,,1,1000,1,,1,,1,1,1,,1,1012.832,1,3.8266,1,34.9045,1,27.736,1,,1,,1,,1,,1,8.0489,1,,1,2302.3115,1,,1,2137.201,1,332.77,1,13.5614,1,331.38,1,1,,1994.9,382.1,383.3,1765.6,218.5,10.9,9.477,5.26,3.47,395.4
RFI,336,B,2015,,,1,,1,,1,300,1,,1,,1,4,1,,1,303.32,1,4.5542,1,34.9683,1,27.7036,1,,1,,1,,1,,1,8.043,1,8.0442,1,2303.1501,1,2307.0344,1,2146.398,1,367.951,1,13.8352,1,366.43,1,1,,1998.7,388.4,389.7,1771.1,216.5,11.0,9.526,5.21,3.44,402.0
RFI,336,B,2015,,,1,,1,,1,200,1,,1,,1,6,1,,1,201.746,1,4.7341,1,34.981,1,27.6926,1,,1,,1,,1,,1,8.0688,1,,1,2310.7559,1,,1,2143.437,1,349.499,1,13.4416,1,348.058,1,1,,1989.9,362.1,363.3,1752.2,227.4,10.3,9.284,5.48,3.61,374.8
RFI,336,B,2015,,,1,,1,,1,100,1,,1,,1,7,1,,1,101.031,1,5.1789,1,35.0164,1,27.6682,1,,1,,1,,1,,1,8.044,1,,1,2308.4041,1,,1,2149.84,1,377.132,1,13.7522,1,375.586,1,1,,2002.5,388.1,389.3,1773.9,217.6,11.0,9.514,5.24,3.45,401.6
RFI,336,B,2015,,,1,,1,,1,50,1,,1,,1,8,1,,1,50.398,1,5.9479,1,35.0114,1,27.569,1,,1,,1,,1,,1,8.0702,1,,1,2310.2607,1,,1,2136.385,1,355.19,1,13.1623,1,353.749,1,1,,1988.4,360.5,361.6,1750.1,228.0,10.2,9.266,5.49,3.62,373.1
RFI,336,B,2015,,,1,,1,,1,20,1,,1,,1,9,1,,1,20.541,1,6.5211,1,34.9981,1,27.4831,1,,1,,1,,1,,1,8.1339,1,,1,2312.8521,1,,1,2106.936,1,301.828,1,12.091,1,300.612,1,1,,1950.3,300.1,301.1,1687.3,254.5,8.5,8.715,6.13,4.04,310.6
RFI,336,B,2015,,,1,,1,,1,10,1,,1,,1,10,1,,1,10.37,1,7.2421,1,34.9824,1,27.371,1,,1,,1,,1,,1,8.125,1,,1,2301.0525,1,,1,2094.816,1,308.054,1,12.0317,1,306.824,1,1,,1945.8,306.5,307.4,1687.8,249.3,8.7,8.778,6.00,3.96,317.2
RFI,336,B,2015,,,1,,1,,1,0,1,,1,,1,11,1,,1,2.694,1,7.2286,1,34.9888,1,27.3779,1,,1,,1,,1,,1,8.1271,1,,1,2296.3323,1,,1,2089.596,1,305.939,1,12.0011,1,304.718,1,1,,1940.2,303.9,304.9,1681.9,249.7,8.6,8.756,6.01,3.96,314.5
RFI,338,B,2015,323.90033,62.2525,1,,1,,1,1000,1,,1,,1,1,1,,1,1016.338,1,3.7032,1,34.896,1,27.7416,1,,1,,1,,1,,1,8.0502,1,,1,2299.1655,1,,1,2134.463,1,330.926,1,13.5701,1,329.543,1,1,,1991.3,380.2,381.4,1761.9,218.6,10.8,9.462,5.27,3.47,393.4
RFI,338,B,2015,,,1,,1,,1,300,1,,1,,1,4,1,,1,302.478,1,4.0689,1,34.9284,1,27.7243,1,,1,,1,,1,,1,8.0464,1,,1,2307.3762,1,,1,2152.431,1,365.052,1,13.9362,1,363.533,1,1,,2000.8,385.6,386.8,1771.7,218.1,11.0,9.503,5.25,3.46,399.1
RFI,338,B,2015,,,1,,1,,1,200,1,,1,,1,6,1,,1,203.156,1,4.2506,1,34.9439,1,27.7165,1,,1,,1,,1,,1,8.0421,1,8.043,1,2304.8628,1,2304.6675,1,2152.018,1,373.194,1,14.0013,1,371.645,1,1,,2001.0,389.8,391.1,1773.6,216.3,11.1,9.540,5.21,3.43,403.4
RFI,338,B,2015,,,1,,1,,1,100,1,,1,,1,7,1,,1,101.363,1,4.7813,1,34.9916,1,27.6948,1,,1,,1,,1,,1,8.0444,1,,1,2306.3845,1,,1,2150.455,1,376.083,1,13.8608,1,374.533,1,1,,2000.6,387.4,388.6,1772.1,217.5,11.0,9.512,5.24,3.45,400.9
RFI,338,B,2015,,,1,,1,,1,50,1,,1,,1,8,1,,1,50.549,1,5.6069,1,34.9511,1,27.5641,1,,1,,1,,1,,1,8.09,1,,1,2310.3882,1,,1,2130.692,1,337.146,1,12.9654,1,335.772,1,1,,1976.7,340.8,341.9,1731.2,235.8,9.7,9.094,5.68,3.74,352.7
RFI,338,B,2015,,,1,,1,,1,20,1,,1,,1,9,1,,1,19.535,1,6.7047,1,34.9029,1,27.3832,1,,1,,1,,1,,1,8.141,1,,1,2306.062,1,,1,2096.418,1,295.538,1,11.9579,1,294.351,1,1,,1940.5,293.4,294.3,1675.8,256.4,8.3,8.664,6.18,4.07,303.6
RFI,338,B,2015,,,1,,1,,1,10,1,,1,,1,10,1,,1,11.115,1,6.9191,1,34.916,1,27.364,1,,1,,1,,1,,1,8.1076,1,,1,2299.3274,1,,1,2103.921,1,322.419,1,12.3742,1,321.126,1,1,,1955.9,322.3,323.4,1705.2,241.6,9.2,8.933,5.82,3.84,333.6
RFI,338,B,2015,,,1,,1,,1,0,1,,1,,1,11,1,,1,3.152,1,6.9119,1,34.9168,1,27.3656,1,,1,,1,,1,,1,8.1048,1,,1,2301.4565,1,,1,2107.376,1,325.43,1,12.4239,1,324.126,1,1,,1959.6,325.3,326.3,1709.7,240.7,9.2,8.959,5.80,3.82,336.7
RFI,340,B,2015,321.75266,62.25083,1,,1,,1,1000,1,,1,,1,1,1,,1,1012.306,1,3.9298,1,34.914,1,27.7331,1,,1,,1,,1,,1,8.0451,1,8.0448,1,2301.9299,1,2301.9016,1,2137.676,1,336.133,1,13.5903,1,334.732,1,1,,1996.8,386.1,387.4,1768.8,217.0,11.0,9.512,5.23,3.45,399.6
RFI,340,B,2015,,,1,,1,,1,300,1,,1,,1,4,1,,1,302.38,1,4.9677,1,35.0064,1,27.6869,1,,1,,1,,1,,1,,1,,1,,1,,1,,1,,1,,1,,1,1,,,,,,,,,,,
RFI,340,B,2015,,,1,,1,,1,200,1,,1,,1,6,1,,1,202.295,1,5.3184,1,35.0343,1,27.6667,1,,1,,1,,1,,1,,1,,1,,1,,1,,1,,1,,1,,1,1,,,,,,,,,,,
RFI,340,B,2015,,,1,,1,,1,100,1,,1,,1,7,1,,1,100.938,1,5.6264,1,35.0073,1,27.6067,1,,1,,1,,1,,1,,1,,1,,1,,1,,1,,1,,1,,1,1,,,,,,,,,,,
RFI,340,B,2015,,,1,,1,,1,50,1,,1,,1,8,1,,1,50.022,1,6.5753,1,35.0018,1,27.4791,1,,1,,1,,1,,1,,1,,1,,1,,1,,1,,1,,1,,1,1,,,,,,,,,,,
RFI,340,B,2015,,,1,,1,,1,20,1,,1,,1,9,1,,1,20.963,1,6.6904,1,35.013,1,27.472,1,,1,,1,,1,,1,,1,,1,,1,,1,,1,,1,,1,,1,1,,,,,,,,,,,
RFI,340,B,2015,,,1,,1,,1,10,1,,1,,1,10,1,,1,10.567,1,6.6986,1,35.0134,1,27.4711,1,,1,,1,,1,,1,,1,,1,,1,,1,,1,,1,,1,,1,1,,,,,,,,,,,
RFI,340,B,2015,,,1,,1,,1,0,1,,1,,1,11,1,,1,2.185,1,6.6936,1,35.0097,1,27.4687,1,,1,,1,,1,,1,,1,,1,,1,,1,,1,,1,,1,,1,1,,,,,,,,,,,
RFI,343,B,2015,319.99066,62.24533,1,,1,,1,1000,1,,1,,1,1,1,,1,1015.105,1,3.6883,1,34.9204,1,27.7625,1,,1,,1,,1,,1,8.0489,1,,1,2302.594,1,,1,2138.266,1,332.54,1,13.595,1,331.15,1,1,,1995.0,382.1,383.3,1765.6,218.6,10.9,9.475,5.26,3.47,395.4
RFI,343,B,2015,,,1,,1,,1,300,1,,1,,1,4,1,,1,302.754,1,4.9087,1,34.9918,1,27.6821,1,,1,,1,,1,,1,,1,,1,,1,,1,,1,,1,,1,,1,1,,,,,,,,,,,
RFI,343,B,2015,,,1,,1,,1,200,1,,1,,1,6,1,,1,201.818,1,5.604,1,35.0474,1,27.6422,1,,1,,1,,1,,1,,1,,1,,1,,1,,1,,1,,1,,1,1,,,,,,,,,,,
RFI,343,B,2015,,,1,,1,,1,100,1,,1,,1,7,1,,1,103.173,1,5.7983,1,35.0592,1,27.6263,1,,1,,1,,1,,1,,1,,1,,1,,1,,1,,1,,1,,1,1,,,,,,,,,,,
RFI,343,B,2015,,,1,,1,,1,50,1,,1,,1,8,1,,1,49.916,1,5.8524,1,35.0012,1,27.5731,1,,1,,1,,1,,1,,1,,1,,1,,1,,1,,1,,1,,1,1,,,,,,,,,,,
RFI,343,B,2015,,,1,,1,,1,20,1,,1,,1,9,1,,1,19.954,1,6.3314,1,35.0062,1,27.5147,1,,1,,1,,1,,1,,1,,1,,1,,1,,1,,1,,1,,1,1,,,,,,,,,,,
RFI,343,B,2015,,,1,,1,,1,10,1,,1,,1,10,1,,1,9.276,1,6.3607,1,35.0092,1,27.5132,1,,1,,1,,1,,1,,1,,1,,1,,1,,1,,1,,1,,1,1,,,,,,,,,,,
RFI,343,B,2015,,,1,,1,,1,0,1,,1,,1,11,1,,1,2.457,1,6.3549,1,35.0087,1,27.5134,1,,1,,1,,1,,1,,1,,1,,1,,1,,1,,1,,1,,1,1,,,,,,,,,,,
RFI,344,B,2015,318.97549,61.49183,1,,1,,1,1000,1,,1,,1,1,1,,1,1011.448,1,4.0262,1,34.9317,1,27.7373,1,,1,,1,,1,,1,8.0447,1,,1,2302.873,1,,1,2138.031,1,336.728,1,13.5673,1,335.326,1,1,,1997.7,386.7,387.9,1769.7,217.0,11.0,9.515,5.23,3.45,400.2
RFI,344,B,2015,,,1,,1,,1,300,1,,1,,1,4,1,,1,303.781,1,5.3497,1,35.0319,1,27.6621,1,,1,,1,,1,,1,8.0362,1,,1,2302.2188,1,,1,2142.761,1,374.958,1,13.7018,1,373.424,1,1,,2001.4,395.6,396.9,1776.1,214.1,11.2,9.582,5.15,3.40,409.4
RFI,344,B,2015,,,1,,1,,1,200,1,,1,,1,6,1,,1,203.125,1,5.7082,1,35.0586,1,27.6382,1,,1,,1,,1,,1,8.0349,1,,1,2303.6255,1,,1,2143.72,1,381.163,1,13.6735,1,379.611,1,1,,2003.3,397.2,398.5,1778.2,213.8,11.3,9.593,5.14,3.39,411.1
RFI,344,B,2015,,,1,,1,,1,100,1,,1,,1,7,1,,1,103.772,1,5.9973,1,35.0484,1,27.5925,1,,1,,1,,1,,1,8.0842,1,,1,2310.9753,1,,1,2129.64,1,340.307,1,12.8986,1,338.926,1,1,,1980.0,346.3,347.4,1736.4,233.8,9.8,9.132,5.63,3.71,358.4
RFI,344,B,2015,,,1,,1,,1,50,1,,1,,1,8,1,,1,50.02,1,6.1157,1,35.009,1,27.5455,1,,1,,1,,1,,1,8.1161,1,,1,2309.6177,1,,1,2114.486,1,314.739,1,12.4276,1,313.465,1,1,,1958.9,315.7,316.7,1703.3,246.7,9.0,8.858,5.94,3.91,326.7
RFI,344,B,2015,,,1,,1,,1,20,1,,1,,1,9,1,,1,19.904,1,5.9522,1,34.9551,1,27.5236,1,,1,,1,,1,,1,8.1262,1,,1,2308.2644,1,,1,2110.651,1,307.368,1,12.3478,1,306.121,1,1,,1951.7,306.5,307.5,1692.4,250.5,8.7,8.779,6.03,3.98,317.2
RFI,344,B,2015,,,1,,1,,1,10,1,,1,,1,10,1,,1,11.519,1,5.9546,1,34.9548,1,27.523,1,,1,,1,,1,,1,8.1279,1,,1,2310.2744,1,,1,2111.901,1,306.563,1,12.3297,1,305.319,1,1,,1952.3,305.2,306.2,1692.2,251.5,8.7,8.767,6.06,3.99,315.9
RFI,344,B,2015,,,1,,1,,1,0,1,,1,,1,11,1,,1,3.213,1,5.9538,1,34.9545,1,27.5228,1,,1,,1,,1,,1,8.1134,1,8.1094,1,2301.6069,1,2303.7764,1,2110.395,1,317.654,1,12.5341,1,316.365,1,1,,1954.0,317.2,318.2,1700.5,244.4,9.0,8.880,5.89,3.88,328.2
RFI,346,B,2015,321.07751,61.50033,1,,1,,1,1000,1,,1,,1,1,1,,1,1014.618,1,3.7591,1,34.9019,1,27.7407,1,,1,,1,,1,,1,8.0375,1,,1,2301.5183,1,,1,2141.514,1,342.513,1,13.7608,1,341.082,1,1,,2001.0,394.5,395.8,1775.7,214.0,11.2,9.589,5.16,3.40,408.3
RFI,346,B,2015,,,1,,1,,1,300,1,,1,,1,4,1,,1,302.658,1,4.675,1,34.9815,1,27.7006,1,,1,,1,,1,,1,8.0342,1,8.0415,1,2302.3523,1,2305.6826,1,2148.329,1,376.427,1,13.9375,1,374.874,1,1,,2003.1,398.1,399.3,1778.6,213.2,11.3,9.610,5.13,3.38,412.0
RFI,346,B,2015,,,1,,1,,1,200,1,,1,,1,6,1,,1,201.705,1,4.9464,1,35.0073,1,27.6892,1,,1,,1,,1,,1,8.0373,1,,1,2308.9976,1,,1,2153.122,1,379.171,1,13.8716,1,377.611,1,1,,2007.1,395.7,396.9,1780.8,215.1,11.2,9.583,5.18,3.41,409.5
RFI,346,B,2015,,,1,,1,,1,100,1,,1,,1,7,1,,1,100.435,1,5.4759,1,35.0537,1,27.662,1,,1,,1,,1,,1,8.0415,1,,1,2308.3682,1,,1,2148.702,1,379.787,1,13.6993,1,378.236,1,1,,2003.7,390.7,392.0,1775.8,216.8,11.1,9.533,5.22,3.44,404.4
RFI,346,B,2015,,,1,,1,,1,50,1,,1,,1,8,1,,1,49.672,1,5.5872,1,35.0009,1,27.6059,1,,1,,1,,1,,1,8.0821,1,,1,2308.3477,1,,1,2132.04,1,343.813,1,13.0766,1,342.411,1,1,,1979.4,348.1,349.2,1736.9,232.5,9.9,9.156,5.60,3.69,360.3
RFI,346,B,2015,,,1,,1,,1,20,1,,1,,1,9,1,,1,20.169,1,6.7696,1,34.9502,1,27.4117,1,,1,,1,,1,,1,8.1415,1,,1,2312.1816,1,,1,2101.148,1,295.848,1,11.9328,1,294.66,1,1,,1945.2,293.6,294.5,1679.4,257.5,8.3,8.659,6.20,4.09,303.8
RFI,346,B,2015,,,1,,1,,1,10,1,,1,,1,10,1,,1,10.499,1,6.7689,1,34.9542,1,27.4148,1,,1,,1,,1,,1,8.1447,1,,1,2308.7502,1,,1,2096.566,1,293.201,1,11.8873,1,292.023,1,1,,1940.0,290.4,291.3,1673.3,258.5,8.2,8.630,6.22,4.10,300.5
RFI,346,B,2015,,,1,,1,,1,0,1,,1,,1,11,1,,1,4.236,1,6.7685,1,34.9549,1,27.4153,1,,1,,1,,1,,1,8.1196,1,,1,2303.4231,1,,1,2103.333,1,312.994,1,12.2387,1,311.737,1,1,,1951.6,311.8,312.8,1695.6,247.2,8.9,8.829,5.95,3.92,322.6
RFI,348,B,2015,323.17401,61.49933,1,,1,,1,1000,1,,1,,1,1,1,,1,1012.66,1,3.6443,1,34.8887,1,27.7416,1,,1,,1,,1,,1,8.0275,1,,1,2290.6299,1,,1,2135.928,1,349.768,1,13.9406,1,348.304,1,1,,1997.0,403.9,405.2,1776.4,209.2,11.5,9.680,5.04,3.32,418.0
RFI,348,B,2015,,,1,,1,,1,300,1,,1,,1,4,1,,1,304.235,1,3.8328,1,34.9084,1,27.7329,1,,1,,1,,1,,1,8.0384,1,,1,2299.0911,1,,1,2149.249,1,371.031,1,14.1233,1,369.483,1,1,,1998.2,393.0,394.3,1772.9,214.2,11.2,9.577,5.16,3.40,406.8
RFI,348,B,2015,,,1,,1,,1,200,1,,1,,1,6,1,,1,202.465,1,3.9383,1,34.9171,1,27.7282,1,,1,,1,,1,,1,8.0425,1,,1,2299.6819,1,,1,2149.033,1,371.72,1,14.0831,1,370.171,1,1,,1996.2,388.6,389.8,1769.4,215.8,11.0,9.535,5.20,3.43,402.1
RFI,348,B,2015,,,1,,1,,1,100,1,,1,,1,7,1,,1,102.616,1,4.3745,1,34.9263,1,27.6883,1,,1,,1,,1,,1,8.0516,1,,1,2306.3301,1,,1,2150.45,1,368.836,1,13.8772,1,367.308,1,1,,1996.8,379.8,381.0,1766.0,220.0,10.8,9.452,5.30,3.49,393.0
RFI,348,B,2015,,,1,,1,,1,50,1,,1,,1,8,1,,1,51.958,1,5.0275,1,34.9348,1,27.6209,1,,1,,1,,1,,1,8.0774,1,,1,2311.1462,1,,1,2140.846,1,348.179,1,13.3209,1,346.749,1,1,,1985.3,353.5,354.7,1744.6,230.7,10.0,9.211,5.56,3.66,365.9
RFI,348,B,2015,,,1,,1,,1,20,1,,1,,1,9,1,,1,21.532,1,6.7051,1,34.9056,1,27.3854,1,,1,,1,,1,,1,8.1435,1,,1,2309.7107,1,,1,2098.616,1,293.974,1,11.9263,1,292.792,1,1,,1942.0,291.7,292.6,1675.9,257.9,8.3,8.647,6.21,4.09,301.9
RFI,348,B,2015,,,1,,1,,1,10,1,,1,,1,10,1,,1,11.902,1,6.7108,1,34.9086,1,27.3868,1,,1,,1,,1,,1,8.0887,1,,1,2292.2927,1,,1,2107.197,1,337.776,1,12.6974,1,336.419,1,1,,1961.6,339.4,340.5,1718.8,233.1,9.6,9.093,5.62,3.70,351.2
RFI,348,B,2015,,,1,,1,,1,0,1,,1,,1,11,1,,1,4.001,1,6.7086,1,34.9087,1,27.3871,1,,1,,1,,1,,1,8.1023,1,8.1212,1,2296.3936,1,2303.1572,1,2105.212,1,326.753,1,12.5065,1,325.44,1,1,,1956.7,326.9,328.0,1708.4,239.1,9.3,8.977,5.76,3.80,338.3
RFI,350,B,2015,325.26151,61.501,1,,1,,1,1000,1,,1,,1,1,1,,1,1012.126,1,3.7122,1,34.8965,1,27.7411,1,,1,,1,,1,,1,8.0406,1,8.0405,1,2298.9551,1,2298.6826,1,2138.178,1,339.435,1,13.7228,1,338.016,1,1,,1996.9,390.6,391.9,1770.8,214.9,11.1,9.556,5.18,3.41,404.3
RFI,350,B,2015,,,1,,1,,1,300,1,,1,,1,4,1,,1,304.093,1,4.127,1,34.9319,1,27.7209,1,,1,,1,,1,,1,8.0352,1,,1,2302.845,1,,1,2152.129,1,375.01,1,14.0907,1,373.451,1,1,,2003.3,397.2,398.5,1778.6,213.4,11.3,9.609,5.14,3.39,411.1
RFI,350,B,2015,,,1,,1,,1,200,1,,1,,1,6,1,,1,202.543,1,4.3425,1,34.9489,1,27.7106,1,,1,,1,,1,,1,8.0431,1,,1,2304.4602,1,,1,2150.626,1,372.269,1,13.9574,1,370.726,1,1,,2000.0,388.6,389.9,1772.3,216.6,11.0,9.529,5.22,3.44,402.2
RFI,350,B,2015,,,1,,1,,1,100,1,,1,,1,7,1,,1,100.944,1,5.0245,1,34.9758,1,27.6542,1,,1,,1,,1,,1,8.0465,1,,1,2308.0986,1,,1,2149.743,1,374.599,1,13.7659,1,373.06,1,1,,2001.0,385.4,386.7,1771.7,218.4,10.9,9.496,5.26,3.47,398.9
RFI,350,B,2015,,,1,,1,,1,50,1,,1,,1,8,1,,1,50.914,1,5.9328,1,34.9757,1,27.5427,1,,1,,1,,1,,1,8.0767,1,,1,2308.2864,1,,1,2132.015,1,348.931,1,13.072,1,347.514,1,1,,1982.9,353.6,354.8,1742.5,230.3,10.0,9.209,5.54,3.65,366.0
RFI,350,B,2015,,,1,,1,,1,20,1,,1,,1,9,1,,1,21.122,1,6.8039,1,34.9584,1,27.4135,1,,1,,1,,1,,1,8.0966,1,,1,2302.2947,1,,1,2112.088,1,331.865,1,12.5543,1,330.533,1,1,,1965.2,333.1,334.2,1718.2,237.6,9.5,9.026,5.72,3.77,344.7
RFI,350,B,2015,,,1,,1,,1,10,1,,1,,1,10,1,,1,9.275,1,6.8307,1,34.9604,1,27.4112,1,2353.3101,1,,1,,1,,1,8.0914,1,,1,,1,,1,,1,,1,,1,,1,1,,,,,,,,,,,
RFI,350,B,2015,,,1,,1,,1,0,1,,1,,1,11,1,,1,2.777,1,6.8264,1,34.9591,1,27.4107,1,2359.03,1,,1,,1,,1,8.1009,1,,1,,1,,1,,1,,1,,1,,1,1,,,,,,,,,,,
RFI,352,B,2015,327.362,61.50134,1,,1,,1,1000,1,,1,,1,1,1,,1,1013.402,1,3.9459,1,34.9211,1,27.7371,1,2360.1101,1,,1,,1,,1,8.0439,1,,1,2302.8333,1,,1,2138.872,1,337.281,1,13.604,1,335.875,1,1,,1998.2,387.6,388.8,1770.6,216.7,11.0,9.524,5.22,3.44,401.1
RFI,352,B,2015,,,1,,1,,1,300,1,,1,,1,4,1,,1,303.829,1,5.3836,1,35.0257,1,27.653,1,2369.1699,1,,1,,1,,1,8.0357,1,,1,2311.5088,1,,1,2151.655,1,377.046,1,13.7168,1,375.504,1,1,,2010.2,397.9,399.1,1784.1,214.8,11.3,9.598,5.17,3.41,411.7
RFI,352,B,2015,,,1,,1,,1,200,1,,1,,1,6,1,,1,201.454,1,5.8322,1,35.0599,1,27.6237,1,2368.8201,1,,1,,1,,1,8.0399,1,,1,2311.1299,1,,1,2148.043,1,377.677,1,13.5728,1,376.142,1,1,,2007.1,393.0,394.2,1779.5,216.5,11.2,9.551,5.21,3.43,406.7
RFI,352,B,2015,,,1,,1,,1,100,1,,1,,1,7,1,,1,102.554,1,6.1456,1,35.0444,1,27.5702,1,2368.6101,1,,1,,1,,1,8.0427,1,,1,2310.9446,1,,1,2146.255,1,379.527,1,13.5001,1,377.99,1,1,,2005.4,389.9,391.1,1776.8,217.5,11.1,9.525,5.23,3.45,403.5
RFI,352,B,2015,,,1,,1,,1,50,1,,1,,1,8,1,,1,52.022,1,7.3937,1,35.0578,1,27.4093,1,2370.8999,1,,1,,1,,1,8.1365,1,,1,2313.1418,1,,1,2098.434,1,298.758,1,11.8141,1,297.568,1,1,,1948.4,297.7,298.7,1684.1,255.9,8.5,8.686,6.16,4.06,308.1
RFI,352,B,2015,,,1,,1,,1,20,1,,1,,1,9,1,,1,21.574,1,7.4257,1,35.0616,1,27.4072,1,2372.0701,1,,1,,1,,1,8.1422,1,,1,2314.2629,1,,1,2097.029,1,295.423,1,11.7433,1,294.247,1,1,,1945.6,292.9,293.9,1678.8,258.5,8.3,8.641,6.22,4.10,303.1
RFI,352,B,2015,,,1,,1,,1,10,1,,1,,1,10,1,,1,11.362,1,7.4247,1,35.0618,1,27.4074,1,2365.8101,1,,1,,1,,1,8.1146,1,,1,2308.197,1,,1,2104.523,1,317.576,1,12.1262,1,316.311,1,1,,1958.2,316.7,317.7,1703.1,246.1,9.0,8.862,5.92,3.90,327.7
RFI,352,B,2015,,,1,,1,,1,0,1,,1,,1,11,1,,1,3.504,1,7.4235,1,35.0617,1,27.4074,1,2360.6499,1,2367.6499,1,,1,,1,8.0988,1,8.114,1,2309.9714,1,2303.1433,1,2113.585,1,331.771,1,12.3604,1,330.451,1,1,,1969.9,331.8,332.8,1720.7,239.7,9.4,8.999,5.77,3.80,343.4
RFI,354,B,2015,329.45715,61.5015,1,,1,,1,1000,1,,1,,1,1,1,,1,1016.351,1,3.8984,1,34.9497,1,27.7648,1,,1,,1,,1,,1,8.0446,1,,1,2300.5974,1,,1,2136.571,1,336.104,1,13.5933,1,334.703,1,1,,1995.6,386.3,387.5,1767.8,216.8,11.0,9.510,5.22,3.44,399.8
RFI,354,B,2015,,,1,,1,,1,300,1,,1,,1,4,1,,1,301.514,1,4.6377,1,34.9664,1,27.6928,1,,1,,1,,1,,1,8.0359,1,,1,2307.3491,1,,1,2152.766,1,375.654,1,13.9336,1,374.103,1,1,,2006.7,397.1,398.4,1781.2,214.2,11.3,9.601,5.16,3.40,411.0
RFI,354,B,2015,,,1,,1,,1,200,1,,1,,1,6,1,,1,201.323,1,4.9052,1,34.9852,1,27.6764,1,,1,,1,,1,,1,8.0346,1,,1,2304.1934,1,,1,2149.985,1,381.043,1,13.9246,1,379.475,1,1,,2004.5,397.9,399.2,1779.7,213.5,11.3,9.608,5.14,3.39,411.8
RFI,354,B,2015,,,1,,1,,1,100,1,,1,,1,7,1,,1,101.689,1,5.3757,1,34.9958,1,27.6283,1,,1,,1,,1,,1,8.0478,1,,1,2307.8887,1,,1,2146.594,1,373.528,1,13.6411,1,372.001,1,1,,1999.9,383.9,385.1,1770.1,219.0,10.9,9.480,5.27,3.47,397.3
RFI,354,B,2015,,,1,,1,,1,50,1,,1,,1,8,1,,1,48.993,1,7.0527,1,35.0193,1,27.4273,1,,1,,1,,1,,1,8.1048,1,,1,2307.5894,1,,1,2110.792,1,324.413,1,12.35,1,323.115,1,1,,1964.3,325.9,326.9,1713.2,241.8,9.3,8.951,5.82,3.84,337.2
RFI,354,B,2015,,,1,,1,,1,20,1,,1,,1,9,1,,1,21.243,1,7.0619,1,35.0249,1,27.4301,1,,1,,1,,1,,1,8.1183,1,,1,2311.2134,1,,1,2108.402,1,314.492,1,12.1709,1,313.234,1,1,,1958.8,313.8,314.8,1702.1,247.8,8.9,8.838,5.96,3.93,324.8
RFI,354,B,2015,,,1,-999,1,,1,10,1,,1,,1,10,1,,1,8.684,1,7.0642,1,35.025,1,27.4297,1,,1,,1,,1,,1,,1,,1,,1,,1,,1,,1,,1,,1,1,,,,,,,,,,,
RFI,354,B,2015,,,1,,1,,1,0,1,,1,,1,11,1,,1,3.451,1,7.0632,1,35.0248,1,27.4296,1,,1,,1,,1,,1,8.1222,1,,1,2310.9434,1,,1,2106.641,1,311.853,1,12.1234,1,310.606,1,1,,1956.0,310.2,311.2,1697.8,249.4,8.8,8.806,6.00,3.96,321.1
RFI,357,B,2015,331.79916,64.486,1,,1,,1,1000,1,,1,,1,1,1,,1,1012.055,1,4.1726,1,34.9317,1,27.722,1,,1,,1,,1,,1,8.0374,1,,1,2301.4871,1,,1,2138.725,1,343.11,1,13.6401,1,341.684,1,1,,2000.8,394.5,395.8,1775.5,214.1,11.2,9.585,5.16,3.40,408.3
RFI,357,B,2015,,,1,,1,,1,300,1,,1,,1,4,1,,1,301.124,1,6.7738,1,35.151,1,27.5731,1,,1,,1,,1,,1,8.0415,1,,1,2314.9932,1,,1,2142.712,1,372.986,1,13.2197,1,371.488,1,1,,2009.0,391.5,392.8,1780.0,217.8,11.1,9.525,5.24,3.45,405.2
RFI,357,B,2015,,,1,,1,,1,200,1,,1,,1,6,1,,1,201.777,1,6.7282,1,35.1312,1,27.5623,1,,1,,1,,1,,1,8.0408,1,,1,2311.8167,1,,1,2141.974,1,377.46,1,13.2963,1,375.943,1,1,,2006.6,391.8,393.1,1778.4,217.1,11.1,9.531,5.22,3.44,405.5
RFI,357,B,2015,,,1,,1,,1,100,1,,1,,1,7,1,,1,103.952,1,6.9323,1,35.1439,1,27.543,1,,1,,1,,1,,1,8.0435,1,,1,2314.2563,1,,1,2143.268,1,379.599,1,13.2525,1,378.078,1,1,,2007.1,389.2,390.4,1777.6,218.5,11.0,9.505,5.25,3.46,402.8
RFI,357,B,2015,,,1,,1,,1,50,1,,1,,1,8,1,,1,50.694,1,7.6632,1,35.1218,1,27.4205,1,,1,,1,,1,,1,8.1212,1,,1,2316.2896,1,,1,2106.227,1,311.66,1,11.9532,1,310.423,1,1,,1960.6,311.6,312.6,1701.8,250.0,8.8,8.806,6.01,3.96,322.5
RFI,357,B,2015,,,1,,1,,1,20,1,,1,,1,9,1,,1,20.379,1,7.6727,1,35.1222,1,27.4189,1,,1,,1,,1,,1,8.1056,1,,1,2307.3162,1,,1,2105.505,1,324.753,1,12.1739,1,323.464,1,1,,1962.7,324.7,325.8,1711.0,242.5,9.2,8.929,5.83,3.84,336.1
RFI,357,B,2015,,,1,,1,,1,10,1,,1,,1,10,1,,1,11.343,1,7.6723,1,35.1223,1,27.4189,1,,1,,1,,1,,1,,1,,1,,1,,1,,1,,1,,1,,1,1,,,,,,,,,,,
RFI,357,B,2015,,,1,,1,,1,0,1,,1,,1,11,1,,1,3.494,1,7.6715,1,35.1217,1,27.4184,1,,1,,1,,1,,1,8.1199,1,,1,2315.1982,1,,1,2106.574,1,314.323,1,11.9911,1,313.075,1,1,,1960.5,312.6,313.6,1702.3,249.3,8.9,8.816,6.00,3.95,323.5
