Cruise,Station,Latitude ,Longitude,CTDPRS [DBARS],CTDTMP [ITS-90],SALNTY [PSS-78],TALK [UMOL/KG],pH [UMOL/KG],TCO2 in (mmol/kgSW),NO2+NO3 [umol/kg],PO4 [UMOL/KG],SiO2 [umol/kg],Ar,,,,,,
RFI,241,64.4504,331.69489,8.861,7.9796,35.075,2329.74,8.132,1965.9,6.42,0.51,1.29,2.31,,,,,,
RFI,241,64.4504,331.69489,19.276,7.9781,35.076,2324.4199,8.132,1961.2,6.36,0.51,1.3,2.3,,,,,,
RFI,241,64.4504,331.69489,49.987,7.5305,35.086,2316,8.065,1996.1,10.03,0.75,2.99,1.98,,,,,,
RFI,241,64.4504,331.69489,101.325,7.2212,35.1,2325.21,8.042,2018.3,12.46,0.86,4.46,1.86,,,,,,
RFI,242,64.45,330.4556,3.667,7.932,35.066,2325.8101,8.105,1980,7.9,0.58,1.55,2.19,,,,,,
RFI,242,64.45,330.4556,9.869,7.9186,35.066,2327.5701,8.104,1982.3,7.96,0.59,1.62,2.19,,,,,,
RFI,242,64.45,330.4556,21.081,7.7419,35.09,2330.1299,8.084,1997,9.17,0.67,2.53,2.09,,,,,,
RFI,242,64.45,330.4556,51.191,7.4679,35.126,2328.1699,8.037,2023.8,12.07,0.86,4.51,1.88,,,,,,
RFI,242,64.45,330.4556,101.615,7.3263,35.112,2331.28,8.057,2014.6,11.84,0.82,4.29,1.93,,,,,,
RFI,244,64.4504,327.9697,3.422,7.7149,35.047,2325.5701,8.107,1978.7,8.54,0.62,2.64,2.18,,,,,,
RFI,244,64.4504,327.9697,10.435,7.5356,35.047,2321.6001,8.116,1969.4,8.44,0.66,2.62,2.2,,,,,,
RFI,244,64.4504,327.9697,10.435,7.5356,35.047,2323.3601,8.116,1970.9,8.44,0.66,2.62,2.2,,,,,,
RFI,244,64.4504,327.9697,21.141,7.3869,35.049,2308.73,8.107,1963.6,8.73,0.63,2.64,2.13,,,,,,
RFI,244,64.4504,327.9697,50.791,6.9719,35.049,2330.1699,8.037,2026.2,13.38,0.9,5.49,2.13,,,,,,
RFI,244,64.4504,327.9697,102.084,6.8623,35.102,2322.8101,8.028,2024.4,14.33,0.96,6.27,1.84,,,,,,
RFI,246,64.4492,326.42828,5.25,6.9154,35.056,2321.3101,8.058,2005.4,11.8,0.78,4.06,1.79,,,,,,
RFI,246,64.4492,326.42828,11.337,6.9265,35.056,2323.5601,8.059,2006.9,11.84,0.78,4.26,1.92,,,,,,
RFI,246,64.4492,326.42828,21.004,6.9279,35.056,2326.52,8.06,2008.9,11.86,0.79,4.07,1.93,,,,,,
RFI,246,64.4492,326.42828,49.786,6.8286,35.055,2312.6899,8.055,1999.5,12.04,0.82,4.32,1.93,,,,,,
RFI,246,64.4492,326.42828,100.657,6.8205,35.073,2311.9199,8.045,2004.7,12.81,0.88,5.05,1.83,,,,,,
RFI,248,63.4481,323.69031,2.942,6.8949,35.012,2322.1201,8.079,1993.6,10.91,0.7,3.25,1.89,,,,,,
RFI,248,63.4481,323.69031,9.891,6.9336,35.015,2322.1299,8.084,1990.5,10.61,0.7,2.83,1.84,,,,,,
RFI,248,63.4481,323.69031,20.436,6.958,35.017,2323.4399,8.084,1991.6,10.43,0.66,2.58,2,,,,,,
RFI,248,63.4481,323.69031,50.443,6.7775,35.018,2319.8799,8.067,1998.9,11.06,0.73,3.05,2.02,,,,,,
RFI,248,63.4481,323.69031,101.523,6.7288,35.016,2319.1899,8.063,2000.8,11.5,0.8,3.96,2.02,,,,,,
RFI,249,63.449,324.99289,3.18,7.471,34.941,2303.71,8.069,1983.7,10.21,0.68,4.07,1.98,,,,,,
RFI,249,63.449,324.99289,9.233,7.4679,34.94,2317.6101,8.073,1993.8,10.25,0.7,3.85,1.93,,,,,,
RFI,249,63.449,324.99289,19.8,7.3683,34.934,2317.9199,8.071,1995.4,10.16,0.68,3.72,1.9,,,,,,
RFI,249,63.449,324.99289,49.969,6.5472,35.023,2318.8401,8.04,2014.3,12.98,0.89,6.15,1.98,,,,,,
RFI,249,63.449,324.99289,100.117,6.2918,35.043,2325.9299,8.028,2027.7,14.69,0.98,6.63,2.01,,,,,,
RFI,249,63.449,324.99289,100.117,6.2918,35.043,2318.4299,8.028,2020.9,14.69,0.98,6.63,1.99,,,,,,
RFI,251,63.448,326.9548,3.504,7.9325,34.99,2321.21,8.116,1969.5,7.17,0.5,0.56,1.81,,,,,,
RFI,251,63.448,326.9548,9.489,7.9179,34.988,2324.8401,8.118,1971.5,7.23,0.51,0.6,1.75,,,,,,
RFI,251,63.448,326.9548,18.744,7.4675,34.99,2319.3401,8.108,1973,8.13,0.55,0.67,1.74,,,,,,
RFI,251,63.448,326.9548,49.551,6.3167,35.01,2320.1899,8.039,2016.2,13.27,0.92,6.53,2.23,,,,,,
RFI,251,63.448,326.9548,100.629,5.97,35.011,2317.95,8.015,2028.3,15.93,1.06,7.67,2.24,,,,,,
RFI,253,63.4477,329.40671,3.172,8.2469,35.004,2320.03,8.121,1965.1,6.87,0.58,0.47,2.16,,,,,,
RFI,253,63.4477,329.40671,10.615,8.2467,35.004,2323.5,8.121,1968.2,6.86,0.6,0.51,1.8,,,,,,
RFI,253,63.4477,329.40671,19.592,8.2487,35.003,2320.6799,8.121,1965.7,6.77,0.52,0.5,1.68,,,,,,
RFI,253,63.4477,329.40671,50.352,7.3213,35.045,2321.6599,8.056,2007.1,10.87,0.79,3.53,2.27,,,,,,
RFI,253,63.4477,329.40671,101.692,6.5313,35.036,2319.3301,8.019,2027,14.74,1,6.84,2.28,,,,,,
RFI,255,63.4478,330.983,4.869,8.3307,35.067,2324.8201,8.103,1980.4,7.63,0.59,0.27,2.27,,,,,,
RFI,255,63.4478,330.983,9.399,8.3291,35.067,2323.8899,8.1,1981.5,7.71,0.56,0.26,1.93,,,,,,
RFI,255,63.4478,330.983,20.334,8.3003,35.066,2324.28,8.101,1981.2,7.97,0.57,0.31,1.73,,,,,,
RFI,255,63.4478,330.983,50.354,7.5491,35.12,2325.5901,8.043,2017.9,11.62,0.82,4.07,2.21,,,,,,
RFI,255,63.4478,330.983,100.458,7.5261,35.123,2328.6799,8.037,2024.3,12.28,0.86,4.6,2.2,,,,,,
RFI,257,63.449,332.84698,1.685,8.6401,35.056,2324.1899,8.097,1983.8,7.48,0.61,1.22,2.2,,,,,,
RFI,257,63.449,332.84698,10.678,8.622,35.055,2324.5701,8.098,1983.5,7.51,0.61,1.21,1.9,,,,,,
RFI,257,63.449,332.84698,21.398,8.314,35.061,2321.3101,8.094,1983.1,7.89,0.6,1.26,1.87,,,,,,
RFI,257,63.449,332.84698,50.881,7.6332,35.099,2325.5701,8.052,2012.6,10.42,0.77,3.28,2.21,,,,,,
RFI,257,63.449,332.84698,101.016,7.4825,35.11,2331.23,8.032,2029.7,12.86,0.88,5.02,2.21,,,,,,
RFI,259,62.4558,332.84549,3.297,8.9366,35.058,2321.5801,8.093,1984,7.52,0.6,1.11,2.16,,,,,,
RFI,259,62.4558,332.84549,9.758,8.5127,35.051,2303.24,8.102,1961.9,7.62,0.58,1.21,2.19,,,,,,
RFI,259,62.4558,332.84549,20.063,7.9962,35.066,2323.74,8.071,1999.6,9.28,0.68,1.74,1.94,,,,,,
RFI,259,62.4558,332.84549,50.048,7.5534,35.08,2325.6299,8.04,2020,11.67,0.82,4.2,1.85,,,,,,
RFI,259,62.4558,332.84549,101.221,7.5678,35.116,2324.74,8.025,2027.9,13.34,0.9,5.44,2.21,,,,,,
RFI,261,62.4519,331.51831,3.202,8.9058,35.045,2320.5,8.09,1985,7.25,0.59,2.53,2.2,,,,,,
RFI,261,62.4519,331.51831,9.444,8.8939,35.049,2321.5901,8.086,1988.4,7.52,0.6,2.43,2.05,,,,,,
RFI,261,62.4519,331.51831,20.16,8.1026,35.027,2319.6499,8.063,2001.1,9.54,0.7,3.07,1.89,,,,,,
RFI,261,62.4519,331.51831,50.666,7.6215,35.043,2323.0901,8.039,2018.6,11.2,0.81,3.88,1.83,,,,,,
RFI,261,62.4519,331.51831,100.818,7.3217,35.049,2319.49,8.028,2021.8,12.77,0.87,5.17,2.2,,,,,,
RFI,263,62.4515,329.82471,2.495,8.3183,35.005,2324.1101,8.13,1962.8,6.02,0.44,0.27,2.18,,,,,,
RFI,263,62.4515,329.82471,11.316,8.3064,35.003,2323.0801,8.133,1960,6.02,0.43,0.14,2.02,,,,,,
RFI,263,62.4515,329.82471,20.11,8.2222,35.007,2326.01,8.125,1967.8,6.38,0.47,0.23,1.89,,,,,,
RFI,263,62.4515,329.82471,51.022,7.081,35.041,2320.3999,8.058,2004.7,10.65,0.77,4.4,1.81,,,,,,
RFI,263,62.4515,329.82471,102.315,6.529,35.041,2324.23,8.02,2030.9,14.35,1,6.8,2.33,,,,,,
RFI,265,62.4506,327.96082,2.502,7.6889,34.965,2321.0601,8.113,1971.5,7.34,0.51,0.29,2.33,,,,,,
RFI,265,62.4506,327.96082,10.763,7.6848,34.965,2319.76,8.112,1971,7.35,0.5,0.41,2.29,,,,,,
RFI,265,62.4506,327.96082,21.01,7.6517,34.962,2321.27,8.105,1976.8,7.67,0.52,0.71,1.92,,,,,,
RFI,265,62.4506,327.96082,51.154,6.4267,34.998,2321.45,8.036,2019.2,12.97,0.93,6.32,1.73,,,,,,
RFI,265,62.4506,327.96082,101.853,6.125,35.008,2323.3701,8.03,2024.5,14.24,1,6.86,2.19,,,,,,
RFI,267,62.4529,326.4209,1.0127,8.0006,34.866,2315.49,8.101,1975,7.19,0.51,3.51,2.19,,,,,,
RFI,267,62.4529,326.4209,9.0539,8.0017,34.866,2316.0901,8.101,1975.5,7.26,0.51,3.52,2.16,,,,,,
RFI,267,62.4529,326.4209,19.059,7.9847,34.866,2317.3301,8.096,1979.8,7.03,0.51,3.27,1.79,,,,,,
RFI,267,62.4529,326.4209,51.667,5.7111,34.932,2319.8501,8.041,2015.3,12.45,0.92,6.76,1.74,,,,,,
RFI,267,62.4529,326.4209,100.85,5.3969,34.959,2318.95,8.019,2027.3,15.16,1.08,7.57,2.16,,,,,,
RFI,269,62.4498,324.48941,2.643,7.9926,34.948,2316.3799,8.111,1968.8,6.71,0.45,0.24,2.16,,,,,,
RFI,269,62.4498,324.48941,19.545,7.5223,34.963,2318.6299,8.093,1982.1,8.37,0.58,1.18,2.13,,,,,,
RFI,269,62.4498,324.48941,49.649,6.7317,35.064,2317.8301,8.035,2016.1,13.08,0.91,6.1,1.76,,,,,,
RFI,269,62.4498,324.48941,99.759,6.4314,35.058,2321.6599,8.026,2024.9,14.18,0.98,6.54,1.65,,,,,,
RFI,269,62.4498,324.48941,99.759,6.4314,35.058,,8.027,2024.8,14.18,0.98,6.54,,,,,,,
RFI,271,62.4505,322.57928,1.934,7.277,34.876,2312.8601,8.105,1970,7.92,0.56,1.85,2.21,,,,,,
RFI,271,62.4505,322.57928,10.726,7.2654,34.877,2312.8201,8.104,1970.6,7.94,0.55,1.8,2.09,,,,,,
RFI,271,62.4505,322.57928,20.114,7.1925,34.883,2313.9399,8.105,1970.9,8.04,0.55,1.83,1.81,,,,,,
RFI,271,62.4505,322.57928,52.728,6.2566,34.99,2319.21,8.057,2004.7,11.09,0.85,4.76,1.75,,,,,,
RFI,271,62.4505,322.57928,99.546,5.789,34.015,2320.97,8.03,2029.7,14.54,1.03,7,1.68,,,,,,
RFI,274,62.4406,319.98691,2.548,7.2452,34.964,2321.6101,8.096,1982.8,8.81,0.72,0.7,2.08,,,,,,
RFI,274,62.4406,319.98691,10.016,7.2372,34.963,2320.1799,8.092,1984.1,8.87,0.65,0.68,2.06,,,,,,
RFI,274,62.4406,319.98691,18.518,7.0135,34.966,2319.79,8.104,1976.1,8.86,0.64,0.72,2.09,,,,,,
RFI,274,62.4406,319.98691,29.21,6.933,34.964,,,,8.89,0.63,0.89,,,,,,,
RFI,274,62.4406,319.98691,50.325,6.4935,34.995,2325.05,8.069,2002.6,11.07,0.78,2.36,1.91,,,,,,
RFI,274,62.4406,319.98691,99.244,6.2751,35.018,2322.6201,8.045,2014.8,12.7,0.93,5.17,1.8,,,,,,
RFI,275,62.1463,320,2.402,7.0836,34.94,2317.6299,8.096,1979.5,8.98,0.7,0.67,2.08,,,,,,
RFI,275,62.1463,320,11.627,7.0855,34.939,2318.51,8.098,1979,8.77,0.62,0.62,2.08,,,,,,
RFI,275,62.1463,320,20.872,6.9329,34.939,2320.25,8.097,1981.2,8.96,0.63,0.77,2.07,,,,,,
RFI,275,62.1463,320,31.398,6.8522,34.949,2321.54,,,9.44,0.67,1.17,1.8,,,,,,
RFI,275,62.1463,320,51.343,6.5743,34.996,2321.54,8.07,1998.8,10.35,0.74,2.23,1.92,,,,,,
RFI,275,62.1463,320,101.981,6.3337,35.009,2321.5601,8.043,2015.1,12.35,0.9,4.55,2.26,,,,,,
RFI,277,62.1486,321.58829,3.434,7.4082,34.897,2316.1001,8.135,1953.4,6.07,0.39,0.11,2.26,,,,,,
RFI,277,62.1486,321.58829,9.779,7.4139,34.896,2318.29,8.135,1955.3,6.07,0.39,0.12,2.25,,,,,,
RFI,277,62.1486,321.58829,19.946,7.2329,34.898,2318.9399,8.136,1955.2,6.24,0.4,0.33,1.88,,,,,,
RFI,277,62.1486,321.58829,53.037,6.3468,34.969,2300.8,8.066,1982.7,10.72,0.76,4.63,1.87,,,,,,
RFI,277,62.1486,321.58829,101.065,5.6761,34.994,2319.8999,8.031,2020.8,14.16,1.01,6.7,2.11,,,,,,
RFI,278,62.1467,322.77829,3.404,7.8968,34.884,2312.9399,8.09,1979.5,8.36,0.61,2.67,2.01,,,,,,
RFI,278,62.1467,322.77829,8.551,7.7625,34.884,2315.0901,8.094,1978.9,8.28,0.56,2.59,1.76,,,,,,
RFI,278,62.1467,322.77829,21.137,7.4949,34.879,2315.04,8.074,1991.4,9.5,0.67,3.52,1.71,,,,,,
RFI,278,62.1467,322.77829,52.229,6.3091,35.029,2322.4099,8.029,2024,14.58,0.97,6.53,1.69,,,,,,
RFI,278,62.1467,322.77829,103.205,5.9557,35.026,2308.8401,8.027,2012.9,15.18,1.02,6.95,1.7,,,,,,
RFI,278,62.1467,322.77829,103.327,5.9641,35.026,2303.28,8.022,2010.7,15.18,1.02,6.95,1.68,,,,,,
RFI,280,61.4502,323.9982,2.511,7.8676,34.8651,2317.6899,8.102,1976.3,7.8,0.51,1.06,2.15,,,,,,
RFI,280,61.4502,323.9982,9.909,7.7467,34.8618,2315.3501,8.104,1973,7.92,0.55,1.33,2.14,,,,,,
RFI,280,61.4502,323.9982,20.246,7.4904,34.8592,2320.4199,8.091,1985.8,8.52,0.6,2.64,2.07,,,,,,
RFI,280,61.4502,323.9982,50.151,5.6004,34.9298,2319.73,8.043,2014,12.8,0.97,6.83,1.75,,,,,,
RFI,280,61.4502,323.9982,99.911,4.8969,34.919,2317.24,8.029,2020.2,14.99,1.05,7.41,1.65,,,,,,
RFI,282,61.4517,321.84351,1.756,7.9681,34.869,2313.1499,8.077,1987.9,8.63,0.59,4.02,2.06,,,,,,
RFI,282,61.4517,321.84351,9.834,7.98,34.863,2314.3101,8.08,1987.1,8.59,0.6,4.01,2.07,,,,,,
RFI,282,61.4517,321.84351,20.69,6.9459,34.881,2313.8301,8.08,1986.6,9.34,0.66,4.64,1.99,,,,,,
RFI,282,61.4517,321.84351,49.707,5.795,34.942,2316.45,8.042,2011.6,13.18,0.94,6.75,1.77,,,,,,
RFI,282,61.4517,321.84351,101,5.1956,34.962,2314.0601,8.034,2014,15.13,1.04,7.17,2.08,,,,,,
RFI,285,61.4386,319.54999,1.399,7.1468,34.944,2316.47,8.097,1977.8,9.09,0.61,0.5,2.08,,,,,,
RFI,285,61.4386,319.54999,9.872,7.1174,34.944,2319.1299,8.096,1980.8,9.07,0.64,0.41,2.03,,,,,,
RFI,285,61.4386,319.54999,20.54,6.8677,34.95,2320.1299,8.088,1986.7,9.79,0.72,0.91,1.85,,,,,,
RFI,285,61.4386,319.54999,50.367,6.3313,34.993,2330.6899,8.051,2018.7,,,,1.83,,,,,,
RFI,285,61.4386,319.54999,50.367,6.3313,34.993,2307.8101,8.051,1998,11.94,0.84,3.6,,,,,,,
RFI,285,61.4386,319.54999,101.734,6.2373,35.029,2325.9199,8.028,2027.8,13.81,0.98,5.8,1.75,,,,,,
RFI,286,60.5989,318.99631,2,7.6722,34.924,2315.8999,8.089,1982.5,8.37,0.63,1.58,2.09,,,,,,
RFI,286,60.5989,318.99631,9.646,7.6598,34.949,2315.4299,8.09,1981.2,7.69,0.63,1.63,2.09,,,,,,
RFI,286,60.5989,318.99631,17.599,7.4381,34.976,2315.8799,8.092,1980.1,8.18,0.61,1.46,2.08,,,,,,
RFI,286,60.5989,318.99631,50.229,6.6362,35.001,2322.48,8.08,1993.4,9.87,0.89,1.92,1.97,,,,,,
RFI,286,60.5989,318.99631,100.977,6.0175,34.952,2320.76,8.041,2016,13.12,0.95,5.23,1.76,,,,,,
RFI,288,61.0032,320.85559,1.803,7.9258,34.834,2315.51,8.093,1980.3,7.75,0.51,2.62,2.12,,,,,,
RFI,288,61.0032,320.85559,10.022,7.9323,34.832,2313.9199,8.094,1978.3,7.76,0.51,2.6,2.12,,,,,,
RFI,288,61.0032,320.85559,20.297,7.4483,34.827,2303.3899,8.105,1962,7.39,0.5,2.15,2.12,,,,,,
RFI,288,61.0032,320.85559,50.743,5.4879,34.943,2321.04,8.039,2017.5,13.64,0.96,6.8,1.74,,,,,,
RFI,288,61.0032,320.85559,101.063,4.9352,34.951,2313.1799,8.034,2013.3,15.5,1.06,7.38,1.67,,,,,,
RFI,291,60.5997,323.40649,2.432,7.7826,34.856,2310.98,8.106,1967.9,7.13,0.44,2.14,2.16,,,,,,
RFI,291,60.5997,323.40649,10.596,7.7804,34.855,2308.3,8.109,1963.6,7.14,0.45,2.08,2.15,,,,,,
RFI,291,60.5997,323.40649,20.877,7.7279,34.849,2312.1599,8.109,1967.1,7.3,0.48,1.31,2.17,,,,,,
RFI,291,60.5997,323.40649,51.282,5.143,34.924,2317,8.051,2006.8,13.29,0.91,6.31,1.97,,,,,,
RFI,291,60.5997,323.40649,100.804,4.7916,34.908,2315.4299,8.034,2015.6,14.56,1.05,7.37,1.72,,,,,,
RFI,292,60.1534,323.40439,10.103,7.5905,34.914,2318.29,8.15,1945.3,5.04,0.34,0,1.87,,,,,,
RFI,292,60.1534,323.40439,20.65,7.5895,34.913,2317.8601,8.149,1945.6,5.21,0.37,0,2.34,,,,,,
RFI,292,60.1534,323.40439,50.618,6.144,34.922,2316.77,8.172,1929.1,5.6,0.35,0,2.21,,,,,,
RFI,292,60.1534,323.40439,102.341,5.5589,34.962,2316.22,8.055,2003.4,12.4,0.93,5.95,2.25,,,,,,
RFI,292,60.1534,323.40439,102.341,5.5589,34.962,2315.6299,8.052,2004.7,15.74,1.09,7.64,1.79,,,,,,
RFI,294,60.151,320.97742,1.453,7.208,34.843,2312.6599,8.124,1957.9,6.24,0.37,0.09,1.9,,,,,,
RFI,294,60.151,320.97742,11.292,7.2095,34.842,2311.01,8.126,1955.2,6.25,0.37,0.28,2.19,,,,,,
RFI,294,60.151,320.97742,21.324,7.2084,34.836,2313.1899,8.114,1964.9,6.61,0.4,0.56,2.2,,,,,,
RFI,294,60.151,320.97742,51.333,5.0705,34.91,2315.9099,8.028,2019.6,14.01,0.98,7.05,1.98,,,,,,
RFI,294,60.151,320.97742,101.807,5.0219,34.964,2316.51,8.026,2020.9,15.16,1.05,7.31,1.66,,,,,,
RFI,297,60.1508,318.69839,1.834,7.1014,34.91,2315.8601,8.097,1977.5,8.29,0.59,0.84,2.08,,,,,,
RFI,297,60.1508,318.69839,10.48,7.0911,34.911,2318.05,8.094,1981.4,8.83,0.63,0.98,2.05,,,,,,
RFI,297,60.1508,318.69839,20.512,6.9818,34.937,2316.5901,8.092,1981.1,9.18,0.62,1.35,1.97,,,,,,
RFI,297,60.1508,318.69839,50.324,6.0261,34.962,2320.53,8.065,2001.2,11.07,0.84,3.59,1.82,,,,,,
RFI,297,60.1508,318.69839,100.933,5.5267,34.98,2317.71,8.025,2022.5,14.46,1.01,6.52,1.41,,,,,,
RFI,298,59.3022,317.9476,4.279,1.6864,32.7487,2194.02,8.209,1816.2,4.02,0.41,0.58,1.93,,,,,,
RFI,298,59.3022,317.9476,10.259,1.6821,32.7617,2210.4299,8.198,1837.6,4.79,0.46,0.86,1.9,,,,,,
RFI,298,59.3022,317.9476,20.347,4.5627,34.203,2291.03,8.097,1961,9.17,0.74,2.37,2.28,,,,,,
RFI,298,59.3022,317.9476,50.061,6.1668,34.948,2315.9299,8.065,1997.1,10.73,0.78,2.74,2.41,,,,,,
RFI,298,59.3022,317.9476,99.955,5.7388,34.936,2318.5,8.052,2007.5,12.12,0.9,4.05,1.95,,,,,,
RFI,300,59.2997,319.80341,2.753,6.763,34.882,2320.76,8.19,1920.6,4.37,0.45,2.25,1.93,,,,,,
RFI,300,59.2997,319.80341,9.0752,6.7597,34.883,2321.45,8.19,1921.2,4.39,0.42,2.26,1.88,,,,,,
RFI,300,59.2997,319.80341,20.427,6.7594,34.883,2322.1001,8.189,1922.5,4.36,0.42,2.18,2.46,,,,,,
RFI,300,59.2997,319.80341,20.427,6.7594,34.883,2318.8301,8.188,1920.3,,,,2.45,,,,,,
RFI,300,59.2997,319.80341,51.247,5.3276,34.966,2318.8401,8.024,2024.2,14.46,1.04,6.81,2.32,,,,,,
RFI,300,59.2997,319.80341,101.636,5.0098,34.958,2314.6699,8.023,2021,15.38,1.07,7.24,2.27,,,,,,
RFI,303,59.3027,322.40579,2.682,6.9326,34.835,2310.5701,8.096,1974,8.13,0.55,0.36,1.78,,,,,,
RFI,303,59.3027,322.40579,10.058,6.9239,34.843,2312.99,8.104,1971,8.29,0.56,0.52,2,,,,,,
RFI,303,59.3027,322.40579,21.109,6.2706,34.869,2311.6299,8.042,2007.7,12.2,0.89,5.23,1.98,,,,,,
RFI,303,59.3027,322.40579,51.042,5.6552,34.887,2311.97,8.021,2020.3,14.55,1,6.76,1.74,,,,,,
RFI,303,59.3027,322.40579,101.977,5.5198,34.928,2315.1399,8.013,2027.5,15.51,1.07,7.46,1.72,,,,,,
RFI,304,58.4519,320.99771,2.01,6.2333,34.755,2304.0801,8.126,1949.7,7.71,0.53,0.55,1.68,,,,,,
RFI,304,58.4519,320.99771,9.34,6.2005,34.778,2293.5,8.131,1936.9,7.67,0.54,0.57,2.11,,,,,,
RFI,304,58.4519,320.99771,19.691,6.1969,34.805,2313.47,8.119,1962.2,7.96,0.56,0.69,2.12,,,,,,
RFI,304,58.4519,320.99771,49.422,5.6397,34.817,2313.3601,8.077,1988.5,10.23,0.79,4.75,2.07,,,,,,
RFI,304,58.4519,320.99771,99.505,4.768,34.875,2315.9199,8.029,2019.3,14.86,1.05,7.2,1.97,,,,,,
RFI,308,58.4472,319.52399,3.09,5.7733,34.825,2314.03,8.099,1975.3,9.59,0.67,2.83,1.9,,,,,,
RFI,308,58.4472,319.52399,11.092,5.7735,34.826,2307.1299,8.098,1969.7,9.57,0.66,5.41,1.72,,,,,,
RFI,308,58.4472,319.52399,21.113,5.7733,34.826,2312.25,8.099,1973.7,9.58,0.66,1.04,1.98,,,,,,
RFI,308,58.4472,319.52399,50.997,5.7219,34.818,2309.3701,8.082,1981.8,10.51,0.73,2.33,1.83,,,,,,
RFI,308,58.4472,319.52399,99.701,3.951,34.841,2308.3601,8.031,2011.5,15.15,1.06,7.36,1.76,,,,,,
RFI,310,58.4477,317.66461,2.184,6.1227,34.912,2317.98,8.109,1971.8,8.74,0.68,9.34,2.06,,,,,,
RFI,310,58.4477,317.66461,2.184,6.1227,34.912,2320.04,8.108,1974.2,8.72,0.7,6.9,2.03,,,,,,
RFI,310,58.4477,317.66461,10.246,6.128,34.913,2320.0701,8.109,1973.6,8.74,0.68,7.74,1.97,,,,,,
RFI,310,58.4477,317.66461,20.439,6.1291,34.912,2303.1299,8.114,1955.3,8.69,0.76,5.26,2.05,,,,,,
RFI,310,58.4477,317.66461,101.271,5.2433,34.973,2315.0601,8.024,2020.7,15.35,1.09,12.05,1.95,,,,,,
RFI,312,58.4497,315.40549,0.882,4.684,34.972,2291.0801,8.092,1957.9,9.4,0.74,3.18,1.86,,,,,,
RFI,312,58.4497,315.40549,11.413,5.0968,34.474,2294.3501,8.086,1968.6,9.41,0.74,2.95,1.64,,,,,,
RFI,312,58.4497,315.40549,11.413,5.0968,34.474,2291.3501,8.087,1965.3,,,,1.88,,,,,,
RFI,312,58.4497,315.40549,21.636,5.1239,34.491,2294.6001,8.091,1965.6,9.41,0.73,3.31,1.86,,,,,,
RFI,312,58.4497,315.40549,51.682,5.62,34.914,2319.95,8.086,1988.1,9.71,0.8,5.09,1.9,,,,,,
RFI,312,58.4497,315.40549,100.768,5.4058,34.919,2318.0701,8.062,2001.1,11.51,0.93,10.72,1.85,,,,,,
RFI,314,58.4499,312.9314,4.59,4.9082,34.367,2297.0901,8.163,1922.7,2.43,0.43,2,1.76,,,,,,
RFI,314,58.4499,312.9314,4.59,4.9082,34.367,2296.98,8.165,1921.2,,,,2.14,,,,,,
RFI,314,58.4499,312.9314,9.902,4.9141,34.367,2295.8601,8.161,1922.9,2.28,0.44,2.24,2.12,,,,,,
RFI,314,58.4499,312.9314,19.616,4.8813,34.366,2268.6399,8.161,1898.9,2.53,0.43,1.72,2.1,,,,,,
RFI,314,58.4499,312.9314,51.139,4.0226,34.488,2303.97,8.129,1950,5.89,0.64,2.41,2.07,,,,,,
RFI,314,58.4499,312.9314,101.464,4.5564,34.849,2315.9299,8.031,2018.3,12.66,1.04,6.82,2.12,,,,,,
RFI,316,58.4491,311.5687,4.564,5.2237,34.506,2303.8899,8.16,1929.4,2.74,0.43,2.39,2.04,,,,,,
RFI,316,58.4491,311.5687,10.175,5.2209,34.505,2302.5901,8.157,1930.3,3.09,0.45,2.68,1.68,,,,,,
RFI,316,58.4491,311.5687,20.556,5.3173,34.548,2307.05,8.165,1928.5,3.67,0.45,3.05,2.18,,,,,,
RFI,316,58.4491,311.5687,51.446,4.633,34.712,2312.75,8.12,1961.7,6.88,0.65,5.32,2.11,,,,,,
RFI,316,58.4491,311.5687,101.082,4.1607,34.815,2313.6599,8.035,2014.1,13.07,1.04,6.92,2.1,,,,,,
RFI,318,58.4465,310.43091,3.467,4.9762,34.464,2300.05,8.155,1929.7,3.43,0.47,2.68,1.75,,,,,,
RFI,318,58.4465,310.43091,10.638,4.9837,34.463,2300.53,8.155,1930.2,3.45,0.48,2.68,1.75,,,,,,
RFI,318,58.4465,310.43091,20.836,4.9807,34.486,2304.3501,8.148,1937.9,3.73,0.47,2.81,2.12,,,,,,
RFI,318,58.4465,310.43091,50.666,4.7623,34.55,2307.3501,8.146,1941.4,4.67,0.52,3.18,2.1,,,,,,
RFI,318,58.4465,310.43091,50.666,4.7623,34.55,2305.9199,8.147,1939.4,,,,2.07,,,,,,
RFI,318,58.4465,310.43091,50.666,4.7623,34.55,2305.8999,8.147,1939.4,,,,2.06,,,,,,
RFI,318,58.4465,310.43091,100.798,4.1232,34.815,2309.8501,8.033,2011.9,13.54,1.05,7.11,2.02,,,,,,
RFI,318,58.4465,310.43091,100.798,4.1232,34.815,2311.28,8.033,2013.2,,,,1.61,,,,,,
RFI,319,57.4439,310.40561,2.67,5.3631,34.749,2315.47,8.168,1932.2,4.35,0.29,0.05,2.24,,,,,,
RFI,319,57.4439,310.40561,19.823,5.2096,34.745,2315.8701,8.17,1931.2,4.6,0.34,0.08,2.23,,,,,,
RFI,319,57.4439,310.40561,19.823,5.2096,34.745,2314.77,8.17,1930.2,,,,2.22,,,,,,
RFI,319,57.4439,310.40561,19.823,5.2096,34.745,2311.4299,8.173,1925.3,,,,2.23,,,,,,
RFI,319,57.4439,310.40561,50.477,4.5931,34.761,2313.52,8.109,1969,7.99,0.58,1.98,1.92,,,,,,
RFI,319,57.4439,310.40561,100.965,4.2145,34.827,2313.1799,8.018,2023.6,14.35,1.04,6.33,1.57,,,,,,
RFI,320,57.4475,310.9509,4.314,5.6004,34.658,2308.3701,8.154,1936.1,4.56,0.47,2.65,2.18,,,,,,
RFI,320,57.4475,310.9509,10.38,5.6002,34.656,,,,4.44,0.47,2.51,,,,,,,
RFI,320,57.4475,310.9509,20.897,5.544,34.669,2311.23,8.152,1939.8,4.64,0.48,2.62,2.17,,,,,,
RFI,320,57.4475,310.9509,51.425,4.8346,34.695,2310.1399,8.126,1955.6,6.69,0.6,3.77,2,,,,,,
RFI,320,57.4475,310.9509,101.677,4.3305,34.84,2311.99,8.038,2010.7,13.44,1.03,6.9,1.64,,,,,,
RFI,320,57.4475,310.9509,101.677,4.3305,34.84,2312.71,8.04,2010.1,,,,1.65,,,,,,
RFI,322,57.4483,313.5235,4.345,5.3911,34.488,2301.73,8.142,1939.5,3.22,0.46,3.24,2.1,,,,,,
RFI,322,57.4483,313.5235,10.499,5.3894,34.489,2306.0801,,,3.62,0.54,2.22,2.11,,,,,,
RFI,322,57.4483,313.5235,20.775,5.3967,34.49,2290.3799,8.144,1928.1,3.66,0.48,2.07,1.92,,,,,,
RFI,322,57.4483,313.5235,50.389,4.2912,34.637,2310.05,8.099,1973.3,7.08,0.7,4.02,1.61,,,,,,
RFI,322,57.4483,313.5235,101.517,4.1759,34.833,2308.6699,8.03,2012.4,14.22,1.06,6.74,2.05,,,,,,
RFI,322,57.4483,313.5235,101.517,4.1759,34.833,2308.01,8.03,2011.8,,,,2.03,,,,,,
RFI,322,57.4483,313.5235,101.517,4.1759,34.833,2313.1599,8.03,2016.5,,,,2.03,,,,,,
RFI,325,57.4501,315.40271,3.234,5.732,34.56,2307.3799,8.153,1936.7,3.69,0.46,1.44,2.15,,,,,,
RFI,325,57.4501,315.40271,10.252,5.6764,34.569,2304.73,8.15,1936.2,4.06,0.45,1.38,1.84,,,,,,
RFI,325,57.4501,315.40271,10.252,5.6764,34.569,2305.8999,8.149,1937.9,,,,1.67,,,,,,
RFI,325,57.4501,315.40271,20.414,5.4974,34.595,2309.3201,8.145,1943.4,4.35,0.46,1.19,1.94,,,,,,
RFI,325,57.4501,315.40271,51.185,4.3237,34.694,2308.2,8.069,1989.7,9.73,0.85,4,1.86,,,,,,
RFI,325,57.4501,315.40271,101.127,4.5524,34.902,2313.55,8.018,2023.3,15.56,1.11,7.25,2.03,,,,,,
RFI,327,57.4492,316.95651,1.911,5.6066,34.711,2305.8899,8.098,1969.6,9.6,0.59,0,1.96,,,,,,
RFI,327,57.4492,316.95651,9.425,5.5769,34.726,2308.96,8.14,1945.2,9.71,0.68,0,1.92,,,,,,
RFI,327,57.4492,316.95651,19.988,5.4463,34.743,2314.3799,8.098,1976.9,9.78,0.6,0,1.87,,,,,,
RFI,327,57.4492,316.95651,50.268,5.4062,34.74,2309.46,8.089,1978.2,10.14,0.63,0.1,1.83,,,,,,
RFI,327,57.4492,316.95651,50.268,5.4062,34.74,2305.71,8.078,1981.6,,,,1.7,,,,,,
RFI,327,57.4492,316.95651,100.444,3.9918,34.771,2311,8.036,2011.5,13.64,1.01,6.79,1.6,,,,,,
RFI,327,57.4492,316.95651,100.444,3.9918,34.771,,8.032,,,,,,,,,,,
RFI,329,57.4492,318.88651,3.471,5.6934,34.744,2308.4199,8.122,1956.3,7.64,0.55,0,2.06,,,,,,
RFI,329,57.4492,318.88651,9.814,5.6105,34.772,2310.5901,8.121,1958.6,7.91,0.53,0,2.05,,,,,,
RFI,329,57.4492,318.88651,19.277,5.518,34.772,2311.4399,8.112,1965.2,8.77,0.55,0,2.01,,,,,,
RFI,329,57.4492,318.88651,49.6,4.4747,34.748,2306.6201,8.06,1993.3,12.28,0.88,4.76,1.73,,,,,,
RFI,329,57.4492,318.88651,101.272,3.7147,34.792,2305.28,8.033,2007.9,15.33,1.05,7.25,1.58,,,,,,
RFI,331,57.4501,320.78909,2.5,6.6868,34.7793,,,,9.25,0.65,0,,,,,,,
RFI,331,57.4501,320.78909,10.5,6.6017,34.7798,,,,9.38,0.64,0,,,,,,,
RFI,331,57.4501,320.78909,20.2,6.3424,34.8048,,,,9.39,0.62,0,,,,,,,
RFI,331,57.4501,320.78909,49.9,6.218,34.8033,,,,9.57,0.66,0,,,,,,,
RFI,331,57.4501,320.78909,100.4,4.3241,34.8162,,,,14.5,1.04,7.15,,,,,,,
RFI,333,57.4515,322.55701,1.9,6.6311,34.8136,,,,9.01,0.64,0,,,,,,,
RFI,333,57.4515,322.55701,10,6.6327,34.8129,,,,8.38,0.63,0,,,,,,,
RFI,333,57.4515,322.55701,20.3,6.4455,34.818,,,,9.09,0.64,0,,,,,,,
RFI,333,57.4515,322.55701,50,6.2612,34.8267,,,,9.58,0.71,0.43,,,,,,,
RFI,333,57.4515,322.55701,101.8,5.0205,34.8184,,,,15.01,1.04,6.82,,,,,,,
RFI,335,57.4506,323.91559,0.92,7.1496,34.78,2309.5601,8.078,1984.7,,,,2,,,,,,
RFI,335,57.4506,323.91559,10.517,7.1527,34.778,2309.27,8.08,1983.3,,,,2,,,,,,
RFI,335,57.4506,323.91559,20.527,6.8332,34.784,2310.3,8.084,1981.7,,,,1.99,,,,,,
RFI,335,57.4506,323.91559,50.863,6.7213,34.817,2312.55,8.073,1990.2,,,,1.94,,,,,,
RFI,335,57.4506,323.91559,100.866,5.5421,34.864,2313.48,8.023,2020.7,,,,1.67,,,,,,
RFG,401,55.7538,320.4967,7.511,6.9669,34.7275,2305.47,8.066,1988.8,8.73,0.69,0.23,1.7728,,,,,,
RFG,401,55.7538,320.4967,9.971,6.9628,,,,,9.16,0.66,0.22,1.912,,,,,,
RFG,401,55.7538,320.4967,20.212,6.9551,,,,,,,,,,,,,,
RFG,401,55.7538,320.4967,30.958,6.905,34.7276,2294.6001,8.028,2001.6,,,,,,,,,,
RFG,401,55.7538,320.4967,49.539,6.6027,,,,,,,,,,,,,,
RFG,401,55.7538,320.4967,102.839,4.8182,34.8398,2311.05,8.027,2016.3,14.89,1.14,7.17,1.6285,,,,,,
RFG,401,55.7538,320.4967,506.33,4.0728,,,,,,,,,,,,,,
RFG,401,55.7538,320.4967,1013.8279,3.7129,,,,,,,,,,,,,,
RFG,403,55.0862,319.17081,7.97,6.9135,34.7362,2302.3799,8.072,1982.3,9.42,0.69,0,1.9386,,,,,,
RFG,403,55.0862,319.17081,,,,,,,,,,,,,,,,
RFG,403,55.0862,319.17081,,,,,,,,,,,,,,,,
RFG,403,55.0862,319.17081,30.587,6.4104,,,,,,,,,,,,,,
RFG,403,55.0862,319.17081,49.865,6.0505,34.7852,2308.5801,8.052,1999.6,10.94,0.89,1.46,1.8017,,,,,,
RFG,403,55.0862,319.17081,104.348,4.7692,34.8385,2309.2,8.024,2016.4,15.37,1.16,7.18,1.614,,,,,,
RFG,403,55.0862,319.17081,506.245,4.0184,,,,,,,,,,,,,,
RFG,407,53.7546,316.5054,5.433,8.5639,34.5907,2300.45,8.07,1982.9,4.44,0.46,1.19,2.0443,,,,,,
RFG,407,53.7546,316.5054,9.965,8.5752,34.5903,2301.96,8.09,1972,4.6,0.44,1.25,2.1272,,,,,,
RFG,407,53.7546,316.5054,19.824,8.5581,34.5905,2297.46,8.061,1985.7,4.57,0.46,1.28,2.0019,,,,,,
RFG,407,53.7546,316.5054,30.71,8.429,,,,,,,,,,,,,,
RFG,407,53.7546,316.5054,50.53,7.9786,34.6092,2305.3999,8.067,1989.1,5.31,0.58,1.3,1.9838,,,,,,
RFG,407,53.7546,316.5054,101.676,6.2873,34.6459,2305.22,8.014,2019.9,13.1,1.02,6.3,1.6668,,,,,,
RFG,407,53.7546,316.5054,509.617,4.2906,,,,,,,,,,,,,,
RFG,408,53.133,314.7597,4.891,8.3958,34.5601,2296.98,8.069,1980.6,4.72,0.46,0.93,2.024,,,,,,
RFG,408,53.133,314.7597,10.371,8.3955,34.5602,2302.51,8.089,1973.4,4.71,0.47,0.77,2.1088,,,,,,
RFG,408,53.133,314.7597,21.159,8.2067,34.5687,2302.47,8.088,1973.9,4.77,0.52,1.07,2.0879,,,,,,
RFG,408,53.133,314.7597,29.921,8.0621,,,,,,,,,,,,,,
RFG,408,53.133,314.7597,49.857,7.7846,34.6064,2304.96,8.063,1991.1,5.58,0.63,1.57,1.954,,,,,,
RFG,408,53.133,314.7597,101.041,5.5476,34.6126,2302.6299,8.021,2013.8,11.4,1.03,5.66,1.6417,,,,,,
RFG,408,53.133,314.7597,504.511,4.3745,,,,,,,,,,,,,,
RFG,410,52.868,313.20981,5.674,9.028,34.6005,2303.8,8.098,1968.6,3.57,0.36,0.87,2.1991,,,,,,
RFG,410,52.868,313.20981,10.508,9.023,34.5989,2300.6001,8.08,1976.9,3.63,0.44,0.96,2.1186,,,,,,
RFG,410,52.868,313.20981,19.33,9.0257,34.6035,2303.47,8.096,1969.5,3.08,0.49,0.83,2.1866,,,,,,
RFG,410,52.868,313.20981,30.604,9.4119,,,,,,,,,,,,,,
RFG,410,52.868,313.20981,50.923,7.6729,34.6029,2304.24,8.076,1982.6,2.65,0.43,0.65,1.9957,,,,,,
RFG,410,52.868,313.20981,101.652,6.6381,34.6151,2314.47,7.975,2050.5,10.32,0.83,4.56,1.566,,,,,,
RFG,410,52.868,313.20981,505.25,4.3982,,,,,,,,,,,,,,
RFG,411,52.8657,311.75269,4.976,8.7909,34.54,2300.47,8.112,1957.3,2.87,0.31,0.6,2.2354,,,,,,
RFG,411,52.8657,311.75269,10.796,8.7122,34.5412,2291.3101,8.067,1976.9,2.95,0.34,0.75,2.032,,,,,,
RFG,411,52.8657,311.75269,18.666,8.6482,34.5427,2294.98,8.102,1958.6,2.96,0.33,0.59,2.1725,,,,,,
RFG,411,52.8657,311.75269,29.047,7.8044,,,,,,,,,,,,,,
RFG,411,52.8657,311.75269,49.076,7.0867,34.5709,2302.0601,8.072,1983.3,5.08,0.61,1.94,1.9357,,,,,,
RFG,411,52.8657,311.75269,101.528,4.9342,34.5653,2313.22,8.002,2034.7,13.28,1.06,6.6,1.5493,,,,,,
RFG,411,52.8657,311.75269,501.951,4.1548,,,,,,,,,,,,,,
RFG,412,53.6665,310.75378,4.539,9.3538,34.4306,2292.3,8.102,1957.2,0.67,0.17,0.3,2.2251,,,,,,
RFG,412,53.6665,310.75378,9.579,9.0516,34.4265,2289.74,8.123,1941.6,0.62,0.28,0.36,2.2883,,,,,,
RFG,412,53.6665,310.75378,20.552,9.0074,34.4342,2293.0801,8.132,1938.8,0.72,0.25,0.4,2.3253,,,,,,
RFG,412,53.6665,310.75378,30.303,8.5241,,,,,,,,,,,,,,
RFG,412,53.6665,310.75378,51.98,7.6478,34.542,2299.29,8.078,1977.4,4.25,0.54,1.73,1.9952,,,,,,
RFG,412,53.6665,310.75378,102.64,5.85,34.5927,2301.8899,7.997,2026.9,12.9,1.1,6.71,1.5801,,,,,,
RFG,412,53.6665,310.75378,507.34,4.2451,,,,,,,,,,,,,,
RFG,412,53.6665,310.75378,1012.424,3.835,,,,,,,,,,,,,,
RFG,414,53.6665,312.42999,6.236,7.7755,,,,,,,,,,,,,,
RFG,414,53.6665,312.42999,10.693,7.7735,34.462,2285.1599,8.064,1973.8,3.71,0.33,1.03,1.9447,,,,,,
RFG,414,53.6665,312.42999,20.543,7.6288,34.4709,2297.3201,8.112,1955,3.52,0.4,1.08,2.1351,,,,,,
RFG,414,53.6665,312.42999,30.896,6.8828,,,,,,,,,,,,,,
RFG,414,53.6665,312.42999,50.343,6.4431,34.5276,2306.6201,8.069,1989.6,6.36,0.66,2.95,1.8816,,,,,,
RFG,414,53.6665,312.42999,102.182,4.8358,34.5656,2300.8401,8.035,2004.4,16.95,1.24,8.55,1.6414,,,,,,
RFG,414,53.6665,312.42999,504.21,4.1879,,,,,,,,,,,,,,
RFG,416,53.6667,313.4993,6.157,7.7911,34.5066,2289.0901,8.058,1980.6,4.19,0.4,0.02,1.9287,,,,,,
RFG,416,53.6667,313.4993,10.297,7.7779,34.5069,2279.46,8.035,1985.4,4.27,0.44,0.27,1.8327,,,,,,
RFG,416,53.6667,313.4993,19.361,7.783,34.5051,2292.95,8.082,1969.5,4.2,0.41,0.03,2.022,,,,,,
RFG,416,53.6667,313.4993,29.913,7.7275,,,,,,,,,,,,,,
RFG,416,53.6667,313.4993,50.547,6.843,34.528,2300.52,8.07,1983.5,6.01,0.56,0.94,1.908,,,,,,
RFG,416,53.6667,313.4993,100.419,4.9226,34.55,2295.3301,8.029,2003,11.82,0.95,5.95,1.6229,,,,,,
RFG,416,53.6667,313.4993,1006.48,3.808,,,,,,,,,,,,,,
RFG,416,53.6667,313.4993,505.482,4.2435,,,,,,,,,,,,,,
RFG,417,54.0788,314.59949,5.305,7.0117,34.5281,2293.1201,8.091,1963.9,5.62,0.6,0.13,2.0057,,,,,,
RFG,417,54.0788,314.59949,9.845,6.9868,,,,,,,,,,,,,,
RFG,417,54.0788,314.59949,19.685,6.9988,,,,,,,,,,,,,,
RFG,417,54.0788,314.59949,31.556,5.9885,,,,,,,,,,,,,,
RFG,417,54.0788,314.59949,50.895,5.4214,,,,,,,,,,,,,,
RFG,417,54.0788,314.59949,101.499,4.2077,,,,,,,,,,,,,,
RFG,417,54.0788,314.59949,1015.76,3.7607,,,,,,,,,,,,,,
RFG,417,54.0788,314.59949,504.598,4.0822,,,,,,,,,,,,,,
RFG,419,54.4892,314.95221,2.566,6.8377,34.5506,2297.0601,8.092,1966.7,6.26,0.57,0,2.0019,,,,,,
RFG,419,54.4892,314.95221,8.927,6.8381,,,,,,,,,,,,,,
RFG,419,54.4892,314.95221,20.962,6.8403,,,,,,,,,,,,,,
RFG,419,54.4892,314.95221,28.757,6.8395,,,,,,,,,,,,,,
RFG,419,54.4892,314.95221,50.473,6.0724,,,,,,,,,,,,,,
RFG,419,54.4892,314.95221,101.823,4.0589,,,,,,,,,,,,,,
RFG,419,54.4892,314.95221,1013.108,3.7753,,,,,,,,,,,,,,
RFG,419,54.4892,314.95221,503.952,4.0555,,,,,,,,,,,,,,
RFG,421,54.5003,313.21701,6.944,7.1839,34.4394,2286.1299,8.082,1963.9,4.27,0.43,0.12,1.9734,,,,,,
RFG,421,54.5003,313.21701,9.748,7.16,,,,,,,,,,,,,,
RFG,421,54.5003,313.21701,20.047,7.1738,,,,,,,,,,,,,,
RFG,421,54.5003,313.21701,31.278,6.9568,,,,,,,,,,,,,,
RFG,421,54.5003,313.21701,51.728,5.9661,,,,,,,,,,,,,,
RFG,421,54.5003,313.21701,97.33,4.508,,,,,,,,,,,,,,
RFG,421,54.5003,313.21701,505.097,4.1495,,,,,,,,,,,,,,
RFG,422,54.5003,311.5235,6.429,8.7396,34.4251,2299.02,8.098,1965.7,1.87,0.32,1.06,2.166,,,,,,
RFG,422,54.5003,311.5235,10.086,8.7383,,,,,,,,,,,,,,
RFG,422,54.5003,311.5235,19.798,8.7429,,,,,,,,,,,,,,
RFG,422,54.5003,311.5235,31.4,8.6677,,,,,,,,,,,,,,
RFG,422,54.5003,311.5235,52.404,6.3888,,,,,,,,,,,,,,
RFG,422,54.5003,311.5235,100.86,4.4439,,,,,,,,,,,,,,
RFG,422,54.5003,311.5235,509.549,4.1804,,,,,,,,,,,,,,
RFG,424,54.5003,310.00031,5.427,7.5382,34.2212,2288.4399,8.095,1959.7,3.03,0.38,1.2,2.0462,,,,,,
RFG,424,54.5003,310.00031,9.759,7.5369,,,,,,,,,,,,,,
RFG,424,54.5003,310.00031,20.707,7.5163,,,,,,,,,,,,,,
RFG,424,54.5003,310.00031,31.598,6.7057,,,,,,,,,,,,,,
RFG,424,54.5003,310.00031,49.274,5.8751,,,,,,,,,,,,,,
RFG,424,54.5003,310.00031,101.268,4.4389,,,,,,,,,,,,,,
RFG,424,54.5003,310.00031,503.914,4.0797,,,,,,,,,,,,,,
RFG,424,54.5003,310.00031,1013.701,3.7978,,,,,,,,,,,,,,
RFG,425,55.4993,309.24481,5.547,6.3679,34.3964,2280.24,8.079,1960.8,5.57,0.46,1.97,1.8982,,,,,,
RFG,425,55.4993,309.24481,10.475,6.3696,34.3954,2288.5701,8.076,1970.1,5.52,0.62,1.98,1.8929,,,,,,
RFG,425,55.4993,309.24481,20.028,6.3682,34.3957,2287.03,8.077,1968.1,,,,1.893,,,,,,
RFG,425,55.4993,309.24481,50.832,5.7448,34.4274,2286.8799,8.083,1964.1,6.24,0.68,2.48,1.866,,,,,,
RFG,425,55.4993,309.24481,101.32,3.7748,34.579,2288.1699,8.034,1993.3,13.54,1.04,6.54,1.5654,,,,,,
RFG,425,55.4993,309.24481,1010.459,3.6728,,,,,,,,,,,,,,
RFG,425,55.4993,309.24481,505.579,4.0093,,,,,,,,,,,,,,
RFG,427,55.4975,311.00922,5.013,6.4717,34.4438,2299.3999,8.096,1967.2,4.51,0.39,0.66,1.9893,,,,,,
RFG,427,55.4975,311.00922,11.23,6.4725,34.4438,2290.5701,8.088,1964.2,4.62,0.46,0.8,1.9489,,,,,,
RFG,427,55.4975,311.00922,19.365,6.4712,34.4438,2286.22,8.105,1949.7,4.58,0.35,0.59,2.0093,,,,,,
RFG,427,55.4975,311.00922,30.316,6.3432,,,,,,,,,,,,,,
RFG,427,55.4975,311.00922,50.972,4.5945,34.5135,2278.8201,8.06,1970,9.27,0.79,3.7,1.7038,,,,,,
RFG,427,55.4975,311.00922,102.098,4.044,34.6546,2298.1699,8.016,2012.3,16.34,1.19,8.26,1.5331,,,,,,
RFG,427,55.4975,311.00922,506.059,3.8417,,,,,,,,,,,,,,
RFG,429,55.5,312.98419,4.616,6.4748,34.6163,2301.3501,8.078,1978.7,6.23,0.51,0.04,1.9269,,,,,,
RFG,429,55.5,312.98419,10.017,6.2385,34.6146,2298.5701,8.079,1975.6,5.93,0.58,0.08,1.9104,,,,,,
RFG,429,55.5,312.98419,19.661,6.17,34.6154,2296.21,8.096,1962.9,5.93,0.56,0.2,1.9664,,,,,,
RFG,429,55.5,312.98419,30.274,6.1409,,,,,,,,,,,,,,
RFG,429,55.5,312.98419,50.85,4.6063,34.6887,2300.1001,8.043,1998.1,10.53,0.92,2.18,1.6677,,,,,,
RFG,429,55.5,312.98419,101.842,3.7185,34.7514,2302.8701,8.032,2006.6,14.07,1.09,6.86,1.5704,,,,,,
RFG,429,55.5,312.98419,505.583,3.7617,,,,,,,,,,,,,,
RFG,431,55.47,315.4187,1.836,6.2809,34.5675,2307.3899,8.08,1983.3,6.17,0.62,0.18,1.9253,,,,,,
RFG,431,55.47,315.4187,9.344,6.2827,34.5676,2287.6899,8.077,1967.3,6.92,0.62,0.13,1.8954,,,,,,
RFG,431,55.47,315.4187,21.119,6.1825,34.5844,2301.8301,8.074,1981.8,6.77,0.62,0.18,1.8869,,,,,,
RFG,431,55.47,315.4187,30.987,6.1633,,,,,,,,,,,,,,
RFG,431,55.47,315.4187,52.256,5.8334,34.6006,2301.3101,8.073,1981.8,5.82,0.68,0.52,1.8519,,,,,,
RFG,431,55.47,315.4187,101.207,4.0051,34.6976,2305.2,8.017,2017.8,11.45,1.13,5.9,1.5401,,,,,,
RFG,431,55.47,315.4187,504.377,3.8668,,,,,,,,,,,,,,
RFG,433,55.5002,316.99969,5.212,6.5082,34.599,2266.0901,8.075,1948.9,7.11,0.57,0.29,1.8869,,,,,,
RFG,433,55.5002,316.99969,9.652,6.5071,34.5993,2297.03,8.055,1988.8,7.13,0.63,0.16,1.8377,,,,,,
RFG,433,55.5002,316.99969,20.271,6.5042,34.6014,2290.6201,8.08,1967.9,7.22,0.62,0.18,1.9231,,,,,,
RFG,433,55.5002,316.99969,31.342,6.4504,,,,,,,,,,,,,,
RFG,433,55.5002,316.99969,52.059,6.0712,34.6341,2295.9099,8.074,1976.1,7.89,0.7,0.32,1.8684,,,,,,
RFG,433,55.5002,316.99969,101.136,4.2563,34.7129,2302.8701,8.032,2006.9,13.56,1.08,6.45,1.6018,,,,,,
RFG,433,55.5002,316.99969,504.808,4.0356,,,,,,,,,,,,,,
RFG,434,55.8878,318.2847,6.736,6.6173,34.7141,2295,8.05,1989.1,8.09,0.62,0.46,1.8291,,,,,,
RFG,434,55.8878,318.2847,9.119,6.617,34.7125,2300.2,8.054,1991.4,6.46,0.62,0.25,1.8475,,,,,,
RFG,434,55.8878,318.2847,20.789,6.6208,34.7266,2295.03,8.07,1977,9.34,0.69,0.27,1.9008,,,,,,
RFG,434,55.8878,318.2847,31.434,6.6249,,,,,,,,,,,,,,
RFG,434,55.8878,318.2847,50.243,6.2995,34.7605,2301.1799,8.064,1985.904297,10.08,0.81,1.78,1.8555,,,,,,
RFG,434,55.8878,318.2847,101.592,4.9483,34.838,2304.8301,8.024,2012.382202,15.25,1.1,7.11,1.6223,,,,,,
RFG,434,55.8878,318.2847,505.521,3.8932,,,,,,,,,,,,,,
RFG,434,55.8878,318.2847,1008.686,3.7094,,,,,,,,,,,,,,
RFG,436,56.3213,318.90948,3.377,6.5924,34.7291,2308.99,8.056,1998.038452,8.95,0.69,0.54,1.8623,,,,,,
RFG,436,56.3213,318.90948,9.708,6.5967,,,,,,,,,,,,,,
RFG,436,56.3213,318.90948,22.373,6.5931,,,,,,,,,,,,,,
RFG,436,56.3213,318.90948,30.561,6.5983,,,,,,,,,,,,,,
RFG,436,56.3213,318.90948,50.712,6.3193,,,,,,,,,,,,,,
RFG,436,56.3213,318.90948,102.011,4.5142,,,,,,,,,,,,,,
RFG,436,56.3213,318.90948,504.63,4.1097,,,,,,,,,,,,,,
RFG,436,56.3213,318.90948,1012.592,3.8013,,,,,,,,,,,,,,
RFG,438,56.2508,317.155,6.008,6.3007,34.6375,2301.95,8.076,1980.252808,5.56,0.54,0,1.9079,,,,,,
RFG,438,56.2508,317.155,9.303,6.2493,,,,,,,,,,,,,,
RFG,438,56.2508,317.155,20.67,5.9887,,,,,,,,,,,,,,
RFG,438,56.2508,317.155,30.107,5.9581,,,,,,,,,,,,,,
RFG,438,56.2508,317.155,53.437,5.172,,,,,,,,,,,,,,
RFG,438,56.2508,317.155,99.604,3.9494,,,,,,,,,,,,,,
RFG,438,56.2508,317.155,507.026,3.8315,,,,,,,,,,,,,,
RFG,439,56.2492,315.3577,6.9,6.0096,34.6479,2296.3301,8.098,1961.502441,6.8,0.64,0.16,1.967,,,,,,
RFG,439,56.2492,315.3577,9.76,6.0081,,,,,,,,,,,,,,
RFG,439,56.2492,315.3577,20.333,5.849,,,,,,,,,,,,,,
RFG,439,56.2492,315.3577,30.013,5.7977,,,,,,,,,,,,,,
RFG,439,56.2492,315.3577,49.885,4.4798,,,,,,,,,,,,,,
RFG,439,56.2492,315.3577,100.211,3.7935,,,,,,,,,,,,,,
RFG,439,56.2492,315.3577,506.014,3.7732,,,,,,,,,,,,,,
RFG,441,56.2492,313.5675,3.708,6.2513,34.6135,2299.5801,8.076,1978.307251,7.17,0.6,0,1.9023,,,,,,
RFG,441,56.2492,313.5675,10.136,6.2496,,,,,,,,,,,,,,
RFG,441,56.2492,313.5675,20.388,6.2018,,,,,,,,,,,,,,
RFG,441,56.2492,313.5675,30.437,6.0224,,,,,,,,,,,,,,
RFG,441,56.2492,313.5675,49.875,5.7514,,,,,,,,,,,,,,
RFG,441,56.2492,313.5675,102.109,3.708,,,,,,,,,,,,,,
RFG,441,56.2492,313.5675,505.102,3.8541,,,,,,,,,,,,,,
RFG,443,56.248,311.36749,3.17,7.0284,34.4788,2296.78,8.101,1961.404053,4.62,0.38,0,2.0491,,,,,,
RFG,443,56.248,311.36749,8.326,6.8714,,,,,,,,,,,,,,
RFG,443,56.248,311.36749,19.501,6.3227,,,,,,,,,,,,,,
RFG,443,56.248,311.36749,30.707,5.9351,,,,,,,,,,,,,,
RFG,443,56.248,311.36749,51.243,5.4035,,,,,,,,,,,,,,
RFG,443,56.248,311.36749,101.34,3.6505,,,,,,,,,,,,,,
RFG,443,56.248,311.36749,502.075,3.9448,,,,,,,,,,,,,,
RFG,444,56.2505,309.50281,4.971,6.5177,34.4774,2288.6899,8.101,1954.166016,4.25,0.36,0.12,2.0038,,,,,,
RFG,444,56.2505,309.50281,10.445,6.5078,,,,,,,,,,,,,,
RFG,444,56.2505,309.50281,21.037,5.6413,,,,,,,,,,,,,,
RFG,444,56.2505,309.50281,29.851,5.4469,,,,,,,,,,,,,,
RFG,444,56.2505,309.50281,50.868,4.5929,,,,,,,,,,,,,,
RFG,444,56.2505,309.50281,102.667,3.2865,,,,,,,,,,,,,,
RFG,444,56.2505,309.50281,513.745,3.5576,,,,,,,,,,,,,,
RFG,444,56.2505,309.50281,1007.984,3.4416,,,,,,,,,,,,,,
RFG,446,56.9985,309.00201,2.044,6.271,34.4595,2290.1201,8.084,1966.112549,5.96,0.5,1.45,1.9216,,,,,,
RFG,446,56.9985,309.00201,10.582,6.2744,34.4598,2300.0801,8.07,1983.623535,5.91,0.52,1.38,1.8755,,,,,,
RFG,446,56.9985,309.00201,20.925,5.9876,34.4531,2292.1201,8.096,1960.552246,5.99,0.55,1.66,1.9445,,,,,,
RFG,446,56.9985,309.00201,31.218,5.9601,,,,,,,,,,,,,,
RFG,446,56.9985,309.00201,51.464,4.5277,34.5004,2285.79,8.074,1967.988892,8.54,0.76,3.1,1.7531,,,,,,
RFG,446,56.9985,309.00201,98.472,3.4488,34.6025,2302.8799,8.042,2001.817383,12.68,1.03,6.19,1.5832,,,,,,
RFG,446,56.9985,309.00201,505.931,3.8814,,,,,,,,,,,,,,
RFG,446,56.9985,309.00201,1013.155,3.6769,,,,,,,,,,,,,,
RFG,447,56.9978,310.82529,4.157,6.6142,34.4217,2304.7,8.078,1983.214844,5.3,0.42,1.42,1.9338,,,,,,
RFG,447,56.9978,310.82529,10.37,6.572,34.4223,2286.27,8.073,1969.641357,5.48,0.47,1.43,1.8946,,,,,,
RFG,447,56.9978,310.82529,18.452,6.5905,34.422,2283.52,8.093,1954.942505,5.49,0.49,1.48,1.968,,,,,,
RFG,447,56.9978,310.82529,30.412,6.2825,,,,,,,,,,,,,,
RFG,447,56.9978,310.82529,49.6,5.2824,34.4588,2287.1399,8.076,1968.318848,6.89,0.67,2.38,1.8104,,,,,,
RFG,447,56.9978,310.82529,99.588,3.6039,34.5803,2295.1101,8.037,1997.869263,13.34,1,6.13,1.5701,,,,,,
RFG,447,56.9978,310.82529,506.403,3.7967,,,,,,,,,,,,,,
RFG,448,57.002,312.68781,4.907,6.5417,34.5459,2299.28,8.115,1954.257935,4.2,0.42,2.03,2.0735,,,,,,
RFG,448,57.002,312.68781,10.004,6.5394,34.5457,2302.21,8.105,1963.208374,4.21,0.43,1.75,2.0344,,,,,,
RFG,448,57.002,312.68781,19.993,6.4762,34.5468,2298.6101,8.115,1953.6521,4.19,0.44,1.77,2.0641,,,,,,
RFG,448,57.002,312.68781,30.241,5.614,,,,,,,,,,,,,,
RFG,448,57.002,312.68781,51.064,3.9649,34.5807,2301.55,8.081,1977.27417,9.09,0.8,3.7,1.7558,,,,,,
RFG,448,57.002,312.68781,101.629,3.4908,34.6725,2306.3899,8.029,2012.11499,14.44,1.05,6.93,1.5478,,,,,,
RFG,448,57.002,312.68781,505.165,3.8417,,,,,,,,,,,,,,
RFG,451,56.9992,314.5127,4.215,6.4498,34.5696,2304.5,8.104,1965.692261,4.46,0.35,0.22,2.0281,,,,,,
RFG,451,56.9992,314.5127,10.813,6.4478,34.5687,2293.8,8.106,1954.863525,4.5,0.36,0.15,2.0245,,,,,,
RFG,451,56.9992,314.5127,21.299,6.4058,34.5695,2293.5,8.118,1946.993408,4.53,0.37,0.14,2.0666,,,,,,
RFG,451,56.9992,314.5127,30.174,5.9149,,,,,,,,,,,,,,
RFG,451,56.9992,314.5127,51.045,4.4853,34.661,2296.5801,8.065,1981.919678,9.56,0.81,1.42,1.7319,,,,,,
RFG,451,56.9992,314.5127,103.789,4.1896,34.8277,2305.25,8.023,2013.422363,14.35,1.11,6.63,1.5729,,,,,,
RFG,451,56.9992,314.5127,504.161,3.7625,,,,,,,,,,,,,,
RFG,452,56.9987,316.33499,5.137,6.6874,34.7494,2310.0601,8.08,1984.206787,8.17,0.71,0.18,1.9612,,,,,,
RFG,452,56.9987,316.33499,9.924,6.6807,34.7499,2307.1201,8.033,2009.859985,8.17,0.65,0.07,1.7819,,,,,,
RFG,452,56.9987,316.33499,19.95,6.6436,34.7552,2295.1799,8.08,1970.771484,8.67,0.65,0.16,1.9416,,,,,,
RFG,452,56.9987,316.33499,29.794,6.2829,,,,,,,,,,,,,,
RFG,452,56.9987,316.33499,50.695,5.7668,34.7923,2306.6001,8.063,1991.158325,7.05,0.74,0.62,1.821,,,,,,
RFG,452,56.9987,316.33499,101.535,4.6283,34.8483,2309.79,8.024,2016.822998,11.81,1.07,5.75,1.6067,,,,,,
RFG,452,56.9987,316.33499,504.797,3.8285,,,,,,,,,,,,,,
RFG,454,56.9977,318.16119,2.268,7.0107,34.742,2290.02,8.06,1978.378784,8.51,0.62,0.12,1.8907,,,,,,
RFG,454,56.9977,318.16119,9.913,7.0096,34.7421,2303.8101,8.053,1995.05249,8.32,0.63,0.12,1.8742,,,,,,
RFG,454,56.9977,318.16119,20.52,6.9952,34.7416,2299.5801,8.08,1974.838501,8.55,0.63,0.06,1.97,,,,,,
RFG,454,56.9977,318.16119,30.739,6.5116,,,,,,,,,,,,,,
RFG,454,56.9977,318.16119,50.343,6.2228,34.7673,2306.8301,8.065,1990.346436,9.28,0.73,0.62,1.8588,,,,,,
RFG,454,56.9977,318.16119,100.859,4.509,34.8318,2308.6101,8.024,2015.870483,15.38,1.09,7.3,1.5983,,,,,,
RFG,454,56.9977,318.16119,506.099,3.8598,,,,,,,,,,,,,,
RFG,456,56.9983,319.98221,4.327,6.8712,34.7468,2309.53,8.09,1977.541748,6.22,0.54,0.14,2.0133,,,,,,
RFG,456,56.9983,319.98221,10.036,6.8709,34.7464,2309.4099,8.084,1981.170166,7.87,0.63,0.25,1.9881,,,,,,
RFG,456,56.9983,319.98221,20.52,6.7309,34.7453,2308.78,8.097,1972.497437,7.47,0.6,0.14,2.0261,,,,,,
RFG,456,56.9983,319.98221,30.108,6.1648,,,,,,,,,,,,,,
RFG,456,56.9983,319.98221,49.996,5.569,34.7995,2311.9399,8.065,1994.70813,10.02,0.87,2.62,1.8197,,,,,,
RFG,456,56.9983,319.98221,100.446,4.694,34.858,2312.28,8.021,2020.766479,15.6,1.16,7.28,1.6031,,,,,,
RFG,456,56.9983,319.98221,507.539,3.9115,,,,,,,,,,,,,,
RFG,457,56.9977,321.8118,4.082,7.7167,34.7393,2312.4199,8.052,2003.468628,6.25,0.6,0.29,1.9282,,,,,,
RFG,457,56.9977,321.8118,10.218,7.7177,34.7399,2299.5901,8.048,1994.233154,7.35,0.58,0.32,1.9007,,,,,,
RFG,457,56.9977,321.8118,20.055,7.6962,34.7397,2292.23,8.078,1969.466675,7.38,0.6,0.31,2.0062,,,,,,
RFG,457,56.9977,321.8118,29.35,7.3427,,,,,,,,,,,,,,
RFG,457,56.9977,321.8118,49.799,6.5594,34.7772,2293.8,8.066,1977.900024,9.42,0.78,1.44,1.8752,,,,,,
RFG,457,56.9977,321.8118,101.66,4.9291,34.846,2314.8,8.026,2020.233765,14.53,1.13,6.92,1.6351,,,,,,
RFG,457,56.9977,321.8118,507.136,4.1417,,,,,,,,,,,,,,
RFG,459,57.0258,323.05551,4.245,7.8633,34.7294,2298.53,8.046,1994.541138,7.64,0.56,0.6,1.9034,,,,,,
RFG,459,57.0258,323.05551,10.367,7.8713,34.7289,2295.23,8.047,1990.959717,7.69,0.61,0.74,1.9035,,,,,,
RFG,459,57.0258,323.05551,20.045,7.871,34.7259,2295.6299,8.083,1969.561401,7.65,0.59,0.66,2.0416,,,,,,
RFG,459,57.0258,323.05551,30.01,7.6439,,,,,,,,,,,,,,
RFG,459,57.0258,323.05551,50.539,6.9748,34.7465,2305.74,8.061,1991.948364,9.16,0.86,1.27,1.8941,,,,,,
RFG,459,57.0258,323.05551,102.511,5.5194,34.8526,2302.4399,8.014,2015.88147,14.72,1.14,6.77,1.6227,,,,,,
RFG,459,57.0258,323.05551,505.28,4.3723,,,,,,,,,,,,,,
